group,roi,topk_count,n_instances,selection_frequency,mean_importance_share,mean_rank
ALL_SZ,lh_bankssts,27,150,0.18,0.015938252817958326,30.873333333333335
ALL_SZ,lh_caudalanteriorcingulate,13,150,0.08666666666666667,0.013018417649546905,41.74666666666667
ALL_SZ,lh_caudalmiddlefrontal,16,150,0.10666666666666667,0.013514880474424113,35.4
ALL_SZ,lh_cuneus,42,150,0.28,0.0168146504463352,30.153333333333332
ALL_SZ,lh_entorhinal,22,150,0.14666666666666667,0.014610486967189263,33.60666666666667
ALL_SZ,lh_frontalpole,19,150,0.12666666666666668,0.013875653566945518,36.873333333333335
ALL_SZ,lh_fusiform,58,150,0.38666666666666666,0.01985593252219824,21.413333333333334
ALL_SZ,lh_inferiorparietal,17,150,0.11333333333333333,0.014141276785290957,34.21333333333333
ALL_SZ,lh_inferiortemporal,21,150,0.14,0.014416652534913513,38.42666666666667
ALL_SZ,lh_insula,14,150,0.09333333333333334,0.0136755872947942,37.78666666666667
ALL_SZ,lh_isthmuscingulate,18,150,0.12,0.01386600509444125,38.38666666666666
ALL_SZ,lh_lateraloccipital,21,150,0.14,0.014210202043613836,35.52
ALL_SZ,lh_lateralorbitofrontal,42,150,0.28,0.016838917562009795,30.82
ALL_SZ,lh_lingual,20,150,0.13333333333333333,0.014322404434956497,35.153333333333336
ALL_SZ,lh_medialorbitofrontal,31,150,0.20666666666666667,0.01611351517768286,31.813333333333333
ALL_SZ,lh_middletemporal,30,150,0.2,0.01574532167577997,31.253333333333334
ALL_SZ,lh_paracentral,16,150,0.10666666666666667,0.014408464382575786,34.9
ALL_SZ,lh_parahippocampal,13,150,0.08666666666666667,0.013274814805204664,40.913333333333334
ALL_SZ,lh_parsopercularis,27,150,0.18,0.016265099589000697,31.466666666666665
ALL_SZ,lh_parsorbitalis,20,150,0.13333333333333333,0.014024232694715503,37.22
ALL_SZ,lh_parstriangularis,18,150,0.12,0.013699906235911519,37.62
ALL_SZ,lh_pericalcarine,22,150,0.14666666666666667,0.01583592884026516,34.43333333333333
ALL_SZ,lh_postcentral,15,150,0.1,0.013449277632845048,36.64666666666667
ALL_SZ,lh_posteriorcingulate,12,150,0.08,0.013067588762188675,39.72
ALL_SZ,lh_precentral,11,150,0.07333333333333333,0.013830543618282475,35.14
ALL_SZ,lh_precuneus,14,150,0.09333333333333334,0.0145099333659042,34.013333333333335
ALL_SZ,lh_rostralanteriorcingulate,26,150,0.17333333333333334,0.014605217002958432,34.8
ALL_SZ,lh_rostralmiddlefrontal,21,150,0.14,0.014947198973873631,35.266666666666666
ALL_SZ,lh_superiorfrontal,10,150,0.06666666666666667,0.013212267229299598,35.333333333333336
ALL_SZ,lh_superiorparietal,10,150,0.06666666666666667,0.013687854637061925,35.75333333333333
ALL_SZ,lh_superiortemporal,22,150,0.14666666666666667,0.013984503947643718,36.846666666666664
ALL_SZ,lh_supramarginal,10,150,0.06666666666666667,0.013682881494896678,35.92666666666667
ALL_SZ,lh_temporalpole,29,150,0.19333333333333333,0.01440044433499654,35.86666666666667
ALL_SZ,lh_transversetemporal,42,150,0.28,0.018165617874841875,25.5
ALL_SZ,rh_bankssts,13,150,0.08666666666666667,0.013138354619502,37.1
ALL_SZ,rh_caudalanteriorcingulate,20,150,0.13333333333333333,0.014009776311689119,37.373333333333335
ALL_SZ,rh_caudalmiddlefrontal,17,150,0.11333333333333333,0.013824992524896568,35.126666666666665
ALL_SZ,rh_cuneus,19,150,0.12666666666666668,0.014214703218239534,32.85333333333333
ALL_SZ,rh_entorhinal,25,150,0.16666666666666666,0.01523882487260475,32.22666666666667
ALL_SZ,rh_frontalpole,16,150,0.10666666666666667,0.013952251012779625,35.84
ALL_SZ,rh_fusiform,51,150,0.34,0.019934263320133164,21.293333333333333
ALL_SZ,rh_inferiorparietal,17,150,0.11333333333333333,0.014999581213324002,33.67333333333333
ALL_SZ,rh_inferiortemporal,26,150,0.17333333333333334,0.014525520340363194,36.96666666666667
ALL_SZ,rh_insula,24,150,0.16,0.015364109425617185,32.25333333333333
ALL_SZ,rh_isthmuscingulate,13,150,0.08666666666666667,0.013113417167640288,36.666666666666664
ALL_SZ,rh_lateraloccipital,12,150,0.08,0.013666229564771027,38.74
ALL_SZ,rh_lateralorbitofrontal,31,150,0.20666666666666667,0.015319638770469688,34.66
ALL_SZ,rh_lingual,22,150,0.14666666666666667,0.014887182500738732,33.82
ALL_SZ,rh_medialorbitofrontal,26,150,0.17333333333333334,0.015558375719867113,31.913333333333334
ALL_SZ,rh_middletemporal,15,150,0.1,0.014569443756347642,33.28666666666667
ALL_SZ,rh_paracentral,22,150,0.14666666666666667,0.014372850347207278,36.08
ALL_SZ,rh_parahippocampal,20,150,0.13333333333333333,0.013287399987738,37.48
ALL_SZ,rh_parsopercularis,30,150,0.2,0.01589303206605018,33.13333333333333
ALL_SZ,rh_parsorbitalis,14,150,0.09333333333333334,0.013233219922703163,36.46666666666667
ALL_SZ,rh_parstriangularis,23,150,0.15333333333333332,0.014414863738685068,36.03333333333333
ALL_SZ,rh_pericalcarine,23,150,0.15333333333333332,0.014924523293023007,31.953333333333333
ALL_SZ,rh_postcentral,15,150,0.1,0.014111533324127156,36.43333333333333
ALL_SZ,rh_posteriorcingulate,15,150,0.1,0.01274893853195533,40.02
ALL_SZ,rh_precentral,17,150,0.11333333333333333,0.014227724541802851,35.2
ALL_SZ,rh_precuneus,20,150,0.13333333333333333,0.014187200863736964,36.913333333333334
ALL_SZ,rh_rostralanteriorcingulate,31,150,0.20666666666666667,0.015503928128934306,33.46
ALL_SZ,rh_rostralmiddlefrontal,12,150,0.08,0.013449704259493354,36.35333333333333
ALL_SZ,rh_superiorfrontal,19,150,0.12666666666666668,0.014327130066690863,35.45333333333333
ALL_SZ,rh_superiorparietal,25,150,0.16666666666666666,0.015594345958234142,33.57333333333333
ALL_SZ,rh_superiortemporal,15,150,0.1,0.013677214743492521,36.76
ALL_SZ,rh_supramarginal,32,150,0.21333333333333335,0.016051718724607835,30.04
ALL_SZ,rh_temporalpole,18,150,0.12,0.014408576798659034,34.666666666666664
ALL_SZ,rh_transversetemporal,53,150,0.35333333333333333,0.019259497893328745,21.38
ALL_CTRL,lh_bankssts,45,375,0.12,0.014433632695491805,33.29333333333334
ALL_CTRL,lh_caudalanteriorcingulate,58,375,0.15466666666666667,0.015170210972674132,32.376
ALL_CTRL,lh_caudalmiddlefrontal,56,375,0.14933333333333335,0.014872155800741043,35.464
ALL_CTRL,lh_cuneus,67,375,0.17866666666666667,0.015331945598072995,31.869333333333334
ALL_CTRL,lh_entorhinal,47,375,0.12533333333333332,0.014493886580001664,36.29333333333334
ALL_CTRL,lh_frontalpole,40,375,0.10666666666666667,0.014014003457909475,35.333333333333336
ALL_CTRL,lh_fusiform,147,375,0.392,0.018617872508652846,23.162666666666667
ALL_CTRL,lh_inferiorparietal,36,375,0.096,0.013734719751032918,37.733333333333334
ALL_CTRL,lh_inferiortemporal,58,375,0.15466666666666667,0.014389850013862216,37.072
ALL_CTRL,lh_insula,54,375,0.144,0.01513569834024438,32.669333333333334
ALL_CTRL,lh_isthmuscingulate,38,375,0.10133333333333333,0.01384624590385553,36.93333333333333
ALL_CTRL,lh_lateraloccipital,44,375,0.11733333333333333,0.01430180397205674,36.576
ALL_CTRL,lh_lateralorbitofrontal,83,375,0.22133333333333333,0.016069934379812117,30.416
ALL_CTRL,lh_lingual,48,375,0.128,0.014416185727511181,36.87466666666667
ALL_CTRL,lh_medialorbitofrontal,81,375,0.216,0.015720363484573507,31.773333333333333
ALL_CTRL,lh_middletemporal,42,375,0.112,0.01350568654558349,38.090666666666664
ALL_CTRL,lh_paracentral,39,375,0.104,0.014076665850873448,36.845333333333336
ALL_CTRL,lh_parahippocampal,68,375,0.18133333333333335,0.01545052300956251,33.448
ALL_CTRL,lh_parsopercularis,89,375,0.23733333333333334,0.01673427580434784,30.317333333333334
ALL_CTRL,lh_parsorbitalis,47,375,0.12533333333333332,0.01399577891143563,35.784
ALL_CTRL,lh_parstriangularis,57,375,0.152,0.014125082635242538,36.242666666666665
ALL_CTRL,lh_pericalcarine,34,375,0.09066666666666667,0.014004029621507515,36.16
ALL_CTRL,lh_postcentral,26,375,0.06933333333333333,0.013187096332930734,39.83733333333333
ALL_CTRL,lh_posteriorcingulate,41,375,0.10933333333333334,0.014122546308274125,35.397333333333336
ALL_CTRL,lh_precentral,42,375,0.112,0.014567759007955173,34.86666666666667
ALL_CTRL,lh_precuneus,42,375,0.112,0.014370930641027077,33.69866666666667
ALL_CTRL,lh_rostralanteriorcingulate,80,375,0.21333333333333335,0.016162603812867996,29.613333333333333
ALL_CTRL,lh_rostralmiddlefrontal,29,375,0.07733333333333334,0.01350099515239504,35.464
ALL_CTRL,lh_superiorfrontal,43,375,0.11466666666666667,0.0138749429931284,35.944
ALL_CTRL,lh_superiorparietal,37,375,0.09866666666666667,0.013817826938416464,37.632
ALL_CTRL,lh_superiortemporal,44,375,0.11733333333333333,0.013836362864652356,37.61333333333334
ALL_CTRL,lh_supramarginal,39,375,0.104,0.014002365471018866,35.88
ALL_CTRL,lh_temporalpole,51,375,0.136,0.014659228437118527,34.138666666666666
ALL_CTRL,lh_transversetemporal,125,375,0.3333333333333333,0.01774274141592139,25.626666666666665
ALL_CTRL,rh_bankssts,44,375,0.11733333333333333,0.014237964891749345,35.218666666666664
ALL_CTRL,rh_caudalanteriorcingulate,54,375,0.144,0.014917946795693584,35.384
ALL_CTRL,rh_caudalmiddlefrontal,51,375,0.136,0.014746339497423086,34.832
ALL_CTRL,rh_cuneus,66,375,0.176,0.015167137299139613,32.333333333333336
ALL_CTRL,rh_entorhinal,52,375,0.13866666666666666,0.015218339348644503,33.4
ALL_CTRL,rh_frontalpole,62,375,0.16533333333333333,0.015184143799926086,32.74666666666667
ALL_CTRL,rh_fusiform,155,375,0.41333333333333333,0.01858772956212909,24.706666666666667
ALL_CTRL,rh_inferiorparietal,54,375,0.144,0.014562160513761399,35.59466666666667
ALL_CTRL,rh_inferiortemporal,55,375,0.14666666666666667,0.014805024396124215,35.928
ALL_CTRL,rh_insula,56,375,0.14933333333333335,0.014493092511476858,34.626666666666665
ALL_CTRL,rh_isthmuscingulate,40,375,0.10666666666666667,0.014401420747114903,34.29866666666667
ALL_CTRL,rh_lateraloccipital,53,375,0.14133333333333334,0.014669872362625149,35.89066666666667
ALL_CTRL,rh_lateralorbitofrontal,77,375,0.20533333333333334,0.015543764378357033,33.352
ALL_CTRL,rh_lingual,47,375,0.12533333333333332,0.014335437048777488,36.28
ALL_CTRL,rh_medialorbitofrontal,65,375,0.17333333333333334,0.01481110418801753,34.42666666666667
ALL_CTRL,rh_middletemporal,46,375,0.12266666666666666,0.013987486877873224,35.728
ALL_CTRL,rh_paracentral,40,375,0.10666666666666667,0.0141064742669657,37.218666666666664
ALL_CTRL,rh_parahippocampal,50,375,0.13333333333333333,0.014474723171765833,35.50666666666667
ALL_CTRL,rh_parsopercularis,52,375,0.13866666666666666,0.013968489617166301,36.46666666666667
ALL_CTRL,rh_parsorbitalis,47,375,0.12533333333333332,0.014216435686926517,36.8
ALL_CTRL,rh_parstriangularis,60,375,0.16,0.014689724984690712,32.141333333333336
ALL_CTRL,rh_pericalcarine,36,375,0.096,0.014106590411028103,35.51733333333333
ALL_CTRL,rh_postcentral,36,375,0.096,0.013889429583906732,37.522666666666666
ALL_CTRL,rh_posteriorcingulate,62,375,0.16533333333333333,0.015024390715637836,33.02133333333333
ALL_CTRL,rh_precentral,31,375,0.08266666666666667,0.013933637602529001,36.80266666666667
ALL_CTRL,rh_precuneus,45,375,0.12,0.014452867411915723,35.370666666666665
ALL_CTRL,rh_rostralanteriorcingulate,60,375,0.16,0.014536348686212463,33.49066666666667
ALL_CTRL,rh_rostralmiddlefrontal,49,375,0.13066666666666665,0.014171220938189951,34.13066666666667
ALL_CTRL,rh_superiorfrontal,30,375,0.08,0.01354830236963902,37.464
ALL_CTRL,rh_superiorparietal,34,375,0.09066666666666667,0.01373291870800719,38.248
ALL_CTRL,rh_superiortemporal,40,375,0.10666666666666667,0.014063832398094746,36.048
ALL_CTRL,rh_supramarginal,69,375,0.184,0.01502677412563563,34.38933333333333
ALL_CTRL,rh_temporalpole,47,375,0.12533333333333332,0.014620723405250223,34.70933333333333
ALL_CTRL,rh_transversetemporal,108,375,0.288,0.017482200756853538,25.965333333333334
TP,lh_bankssts,7,78,0.08974358974358974,0.013579686951305528,34.5
TP,lh_caudalanteriorcingulate,5,78,0.0641025641025641,0.01195137583430274,43.07692307692308
TP,lh_caudalmiddlefrontal,5,78,0.0641025641025641,0.01238624211863773,37.0
TP,lh_cuneus,22,78,0.28205128205128205,0.017037995841113627,32.05128205128205
TP,lh_entorhinal,14,78,0.1794871794871795,0.015340323090512507,31.628205128205128
TP,lh_frontalpole,7,78,0.08974358974358974,0.012308920125796584,39.166666666666664
TP,lh_fusiform,26,78,0.3333333333333333,0.020008565270992536,20.923076923076923
TP,lh_inferiorparietal,10,78,0.1282051282051282,0.014382687431021623,34.42307692307692
TP,lh_inferiortemporal,15,78,0.19230769230769232,0.014565005841678946,39.217948717948715
TP,lh_insula,8,78,0.10256410256410256,0.013598008229706334,37.294871794871796
TP,lh_isthmuscingulate,12,78,0.15384615384615385,0.014019120472675138,36.62820512820513
TP,lh_lateraloccipital,12,78,0.15384615384615385,0.014437924301554066,36.11538461538461
TP,lh_lateralorbitofrontal,23,78,0.2948717948717949,0.0176546262590027,30.67948717948718
TP,lh_lingual,14,78,0.1794871794871795,0.014872369020288389,31.5
TP,lh_medialorbitofrontal,20,78,0.2564102564102564,0.017567394308478312,28.025641025641026
TP,lh_middletemporal,18,78,0.23076923076923078,0.0164741997314812,32.11538461538461
TP,lh_paracentral,8,78,0.10256410256410256,0.014874267365701264,31.76923076923077
TP,lh_parahippocampal,6,78,0.07692307692307693,0.012027768502959587,42.3974358974359
TP,lh_parsopercularis,14,78,0.1794871794871795,0.01632395679264779,31.28205128205128
TP,lh_parsorbitalis,10,78,0.1282051282051282,0.013958004295286219,38.03846153846154
TP,lh_parstriangularis,8,78,0.10256410256410256,0.013358066148982455,36.96153846153846
TP,lh_pericalcarine,15,78,0.19230769230769232,0.016877830005230274,33.217948717948715
TP,lh_postcentral,8,78,0.10256410256410256,0.012700318606833376,37.92307692307692
TP,lh_posteriorcingulate,6,78,0.07692307692307693,0.01271176077077413,40.666666666666664
TP,lh_precentral,5,78,0.0641025641025641,0.013780800582106666,34.03846153846154
TP,lh_precuneus,11,78,0.14102564102564102,0.015393958866568412,31.46153846153846
TP,lh_rostralanteriorcingulate,10,78,0.1282051282051282,0.013353798401475553,39.61538461538461
TP,lh_rostralmiddlefrontal,11,78,0.14102564102564102,0.015394673985156494,33.91025641025641
TP,lh_superiorfrontal,5,78,0.0641025641025641,0.012929025720397743,36.96153846153846
TP,lh_superiorparietal,6,78,0.07692307692307693,0.01364436536720377,35.333333333333336
TP,lh_superiortemporal,11,78,0.14102564102564102,0.013988174865249245,37.6025641025641
TP,lh_supramarginal,7,78,0.08974358974358974,0.014034374591397766,35.19230769230769
TP,lh_temporalpole,13,78,0.16666666666666666,0.014345620701366414,35.80769230769231
TP,lh_transversetemporal,21,78,0.2692307692307692,0.019441179865839747,24.935897435897434
TP,rh_bankssts,7,78,0.08974358974358974,0.012930641937268228,39.333333333333336
TP,rh_caudalanteriorcingulate,3,78,0.038461538461538464,0.01157377104701883,42.0
TP,rh_caudalmiddlefrontal,9,78,0.11538461538461539,0.01338336194086188,36.243589743589745
TP,rh_cuneus,8,78,0.10256410256410256,0.013663275928823543,34.19230769230769
TP,rh_entorhinal,13,78,0.16666666666666666,0.015790908052115752,32.12820512820513
TP,rh_frontalpole,6,78,0.07692307692307693,0.013334200462711018,37.56410256410256
TP,rh_fusiform,25,78,0.32051282051282054,0.02146701982848213,18.91025641025641
TP,rh_inferiorparietal,12,78,0.15384615384615385,0.015153062160283753,32.217948717948715
TP,rh_inferiortemporal,13,78,0.16666666666666666,0.014070556346678186,35.65384615384615
TP,rh_insula,16,78,0.20512820512820512,0.016564462840504435,31.96153846153846
TP,rh_isthmuscingulate,1,78,0.01282051282051282,0.01137045109055044,41.756410256410255
TP,rh_lateraloccipital,9,78,0.11538461538461539,0.014070603542287986,35.833333333333336
TP,rh_lateralorbitofrontal,13,78,0.16666666666666666,0.014043153671382695,38.38461538461539
TP,rh_lingual,13,78,0.16666666666666666,0.01571622823446561,32.12820512820513
TP,rh_medialorbitofrontal,18,78,0.23076923076923078,0.016554673679275714,30.0
TP,rh_middletemporal,10,78,0.1282051282051282,0.015478626142368758,32.06410256410256
TP,rh_paracentral,14,78,0.1794871794871795,0.01481975308034325,35.08974358974359
TP,rh_parahippocampal,4,78,0.05128205128205128,0.012380548436207048,39.51282051282051
TP,rh_parsopercularis,15,78,0.19230769230769232,0.01661845991054932,32.03846153846154
TP,rh_parsorbitalis,4,78,0.05128205128205128,0.012337948675088117,37.88461538461539
TP,rh_parstriangularis,8,78,0.10256410256410256,0.013237712509581572,37.56410256410256
TP,rh_pericalcarine,15,78,0.19230769230769232,0.015295369152680736,30.653846153846153
TP,rh_postcentral,10,78,0.1282051282051282,0.014594030219874545,33.48717948717949
TP,rh_posteriorcingulate,5,78,0.0641025641025641,0.011401428286943552,42.69230769230769
TP,rh_precentral,10,78,0.1282051282051282,0.014261924333342923,34.06410256410256
TP,rh_precuneus,15,78,0.19230769230769232,0.014822498590014445,35.76923076923077
TP,rh_rostralanteriorcingulate,13,78,0.16666666666666666,0.015309354708033381,34.41025641025641
TP,rh_rostralmiddlefrontal,5,78,0.0641025641025641,0.013412888732982152,35.46153846153846
TP,rh_superiorfrontal,10,78,0.1282051282051282,0.014334191502045356,33.96153846153846
TP,rh_superiorparietal,18,78,0.23076923076923078,0.01714030211669447,30.923076923076923
TP,rh_superiortemporal,11,78,0.14102564102564102,0.013973043050533282,36.65384615384615
TP,rh_supramarginal,17,78,0.21794871794871795,0.016737795594734876,28.91025641025641
TP,rh_temporalpole,9,78,0.11538461538461539,0.013920503409609847,36.06410256410256
TP,rh_transversetemporal,28,78,0.358974358974359,0.020914860521937306,19.025641025641026
TN,lh_bankssts,32,279,0.11469534050179211,0.014433430374989857,33.505376344086024
TN,lh_caudalanteriorcingulate,44,279,0.15770609318996415,0.015148289553791836,31.85663082437276
TN,lh_caudalmiddlefrontal,38,279,0.13620071684587814,0.014713454453163945,35.27956989247312
TN,lh_cuneus,49,279,0.17562724014336917,0.014977311633304156,32.5663082437276
TN,lh_entorhinal,35,279,0.12544802867383512,0.014148241226999281,37.56989247311828
TN,lh_frontalpole,36,279,0.12903225806451613,0.014379745324225365,34.99641577060932
TN,lh_fusiform,112,279,0.4014336917562724,0.017963816927132163,24.089605734767026
TN,lh_inferiorparietal,26,279,0.0931899641577061,0.01398743146494944,37.33691756272401
TN,lh_inferiortemporal,46,279,0.16487455197132617,0.01507633423838595,35.2831541218638
TN,lh_insula,37,279,0.13261648745519714,0.014751830083432413,32.992831541218635
TN,lh_isthmuscingulate,29,279,0.1039426523297491,0.014080377510807967,36.91039426523297
TN,lh_lateraloccipital,29,279,0.1039426523297491,0.014120943000855004,37.8494623655914
TN,lh_lateralorbitofrontal,64,279,0.22939068100358423,0.015982531203080755,31.00716845878136
TN,lh_lingual,35,279,0.12544802867383512,0.014219841206713995,37.89964157706093
TN,lh_medialorbitofrontal,62,279,0.2222222222222222,0.015450985791422527,32.09318996415771
TN,lh_middletemporal,34,279,0.12186379928315412,0.01379505211032102,37.272401433691755
TN,lh_paracentral,24,279,0.08602150537634409,0.01404086434250383,36.87455197132616
TN,lh_parahippocampal,54,279,0.1935483870967742,0.01584564057033656,32.65232974910394
TN,lh_parsopercularis,69,279,0.24731182795698925,0.01690611245271041,29.602150537634408
TN,lh_parsorbitalis,31,279,0.1111111111111111,0.013997620635990794,35.51971326164875
TN,lh_parstriangularis,46,279,0.16487455197132617,0.014514206921578626,34.505376344086024
TN,lh_pericalcarine,23,279,0.08243727598566308,0.014032134601214961,36.04659498207885
TN,lh_postcentral,23,279,0.08243727598566308,0.013774055385242302,39.13620071684588
TN,lh_posteriorcingulate,32,279,0.11469534050179211,0.014405992447678916,35.028673835125446
TN,lh_precentral,25,279,0.08960573476702509,0.01415290066613809,36.053763440860216
TN,lh_precuneus,31,279,0.1111111111111111,0.014105226633794207,34.69534050179212
TN,lh_rostralanteriorcingulate,62,279,0.2222222222222222,0.015892333323757675,29.56272401433692
TN,lh_rostralmiddlefrontal,20,279,0.07168458781362007,0.013621369949132241,34.4336917562724
TN,lh_superiorfrontal,33,279,0.11827956989247312,0.01406568797020285,35.53763440860215
TN,lh_superiorparietal,28,279,0.1003584229390681,0.014052481811677474,37.45519713261649
TN,lh_superiortemporal,32,279,0.11469534050179211,0.014019907440626502,36.6415770609319
TN,lh_supramarginal,29,279,0.1039426523297491,0.014170211716434894,35.81362007168459
TN,lh_temporalpole,37,279,0.13261648745519714,0.014572177081307043,34.215053763440864
TN,lh_transversetemporal,91,279,0.32616487455197135,0.016945923988895488,26.2831541218638
TN,rh_bankssts,39,279,0.13978494623655913,0.014781566572976504,34.04659498207885
TN,rh_caudalanteriorcingulate,41,279,0.14695340501792115,0.01521163728710208,34.11469534050179
TN,rh_caudalmiddlefrontal,37,279,0.13261648745519714,0.015069487755857987,33.96057347670251
TN,rh_cuneus,47,279,0.16845878136200718,0.014901037902953237,33.086021505376344
TN,rh_entorhinal,41,279,0.14695340501792115,0.015137824157993288,34.516129032258064
TN,rh_frontalpole,40,279,0.14336917562724014,0.014636459439670442,33.67025089605735
TN,rh_fusiform,116,279,0.4157706093189964,0.018218995381205243,24.989247311827956
TN,rh_inferiorparietal,36,279,0.12903225806451613,0.014405748535347644,35.78853046594982
TN,rh_inferiortemporal,37,279,0.13261648745519714,0.014504351365967129,36.82795698924731
TN,rh_insula,41,279,0.14695340501792115,0.014548125410542243,34.57347670250896
TN,rh_isthmuscingulate,28,279,0.1003584229390681,0.014161861047594253,35.053763440860216
TN,rh_lateraloccipital,36,279,0.12903225806451613,0.01439434064033025,36.76702508960574
TN,rh_lateralorbitofrontal,61,279,0.21863799283154123,0.015556157357605863,33.47670250896057
TN,rh_lingual,26,279,0.0931899641577061,0.01379527724351915,37.91756272401434
TN,rh_medialorbitofrontal,52,279,0.1863799283154122,0.015022218556946923,34.376344086021504
TN,rh_middletemporal,36,279,0.12903225806451613,0.014098254788848179,35.623655913978496
TN,rh_paracentral,28,279,0.1003584229390681,0.014115352121445619,38.14336917562724
TN,rh_parahippocampal,38,279,0.13620071684587814,0.014501470421918867,35.516129032258064
TN,rh_parsopercularis,49,279,0.17562724014336917,0.014728739621531544,35.25448028673835
TN,rh_parsorbitalis,36,279,0.12903225806451613,0.014436997158208202,36.630824372759854
TN,rh_parstriangularis,52,279,0.1863799283154122,0.015244542132198858,30.06810035842294
TN,rh_pericalcarine,26,279,0.0931899641577061,0.014058018857184409,36.12544802867384
TN,rh_postcentral,25,279,0.08960573476702509,0.013968165334222293,37.83870967741935
TN,rh_posteriorcingulate,48,279,0.17204301075268819,0.015073869198879151,33.45161290322581
TN,rh_precentral,24,279,0.08602150537634409,0.014014143522072569,37.333333333333336
TN,rh_precuneus,21,279,0.07526881720430108,0.013902132456660945,36.4910394265233
TN,rh_rostralanteriorcingulate,42,279,0.15053763440860216,0.014323362049946,32.551971326164875
TN,rh_rostralmiddlefrontal,33,279,0.11827956989247312,0.013877914275935748,33.46594982078853
TN,rh_superiorfrontal,20,279,0.07168458781362007,0.013629062829308898,36.77777777777778
TN,rh_superiorparietal,23,279,0.08243727598566308,0.0137091793833435,38.15412186379928
TN,rh_superiortemporal,35,279,0.12544802867383512,0.014361125936527339,35.23297491039426
TN,rh_supramarginal,54,279,0.1935483870967742,0.014984697119851068,34.21863799283154
TN,rh_temporalpole,37,279,0.13261648745519714,0.014764641192639205,35.096774193548384
TN,rh_transversetemporal,87,279,0.3118279569892473,0.01751877890086686,26.293906810035843
