group,repeat,roi,topk_count,n_instances,selection_frequency,mean_importance_share,mean_rank
ALL_SZ,0,lh_bankssts,10,50,0.2,0.015796343543283284,32.22
ALL_SZ,0,lh_caudalanteriorcingulate,6,50,0.12,0.013380029783341124,40.5
ALL_SZ,0,lh_caudalmiddlefrontal,6,50,0.12,0.01364696179813935,36.24
ALL_SZ,0,lh_cuneus,11,50,0.22,0.016279595715865194,31.9
ALL_SZ,0,lh_entorhinal,4,50,0.08,0.013891659065135615,35.82
ALL_SZ,0,lh_frontalpole,5,50,0.1,0.013113144843819233,36.9
ALL_SZ,0,lh_fusiform,19,50,0.38,0.018668950324779207,22.6
ALL_SZ,0,lh_inferiorparietal,7,50,0.14,0.014235650936197768,33.46
ALL_SZ,0,lh_inferiortemporal,6,50,0.12,0.014248568155929342,37.62
ALL_SZ,0,lh_insula,5,50,0.1,0.01428786345452336,39.12
ALL_SZ,0,lh_isthmuscingulate,4,50,0.08,0.012205589544742386,39.76
ALL_SZ,0,lh_lateraloccipital,7,50,0.14,0.013435071654322471,36.32
ALL_SZ,0,lh_lateralorbitofrontal,19,50,0.38,0.018222611339990463,26.64
ALL_SZ,0,lh_lingual,5,50,0.1,0.013841831193144114,35.52
ALL_SZ,0,lh_medialorbitofrontal,10,50,0.2,0.01571000272175474,34.34
ALL_SZ,0,lh_middletemporal,9,50,0.18,0.015499337839712381,32.04
ALL_SZ,0,lh_paracentral,6,50,0.12,0.014607447983323687,33.38
ALL_SZ,0,lh_parahippocampal,4,50,0.08,0.013732919964935399,40.04
ALL_SZ,0,lh_parsopercularis,11,50,0.22,0.01673106109117761,29.16
ALL_SZ,0,lh_parsorbitalis,4,50,0.08,0.013275286033323959,40.62
ALL_SZ,0,lh_parstriangularis,5,50,0.1,0.01364635830590719,39.28
ALL_SZ,0,lh_pericalcarine,7,50,0.14,0.01576966051096777,35.22
ALL_SZ,0,lh_postcentral,6,50,0.12,0.014238403949393517,35.54
ALL_SZ,0,lh_posteriorcingulate,4,50,0.08,0.013229453034419305,41.54
ALL_SZ,0,lh_precentral,4,50,0.08,0.013873751686784938,34.78
ALL_SZ,0,lh_precuneus,6,50,0.12,0.015652992075148694,30.24
ALL_SZ,0,lh_rostralanteriorcingulate,8,50,0.16,0.013897010858948242,33.26
ALL_SZ,0,lh_rostralmiddlefrontal,6,50,0.12,0.015391460534966544,34.42
ALL_SZ,0,lh_superiorfrontal,2,50,0.04,0.013069564639130752,36.28
ALL_SZ,0,lh_superiorparietal,3,50,0.06,0.013546297140454562,36.68
ALL_SZ,0,lh_superiortemporal,9,50,0.18,0.014364815781068017,36.5
ALL_SZ,0,lh_supramarginal,2,50,0.04,0.012818744815796555,39.42
ALL_SZ,0,lh_temporalpole,7,50,0.14,0.013438675677536854,36.76
ALL_SZ,0,lh_transversetemporal,15,50,0.3,0.017990077527601563,22.98
ALL_SZ,0,rh_bankssts,3,50,0.06,0.012914318025248577,40.14
ALL_SZ,0,rh_caudalanteriorcingulate,8,50,0.16,0.01376097462088689,36.14
ALL_SZ,0,rh_caudalmiddlefrontal,5,50,0.1,0.013550731152307316,34.94
ALL_SZ,0,rh_cuneus,6,50,0.12,0.014828064193843986,33.02
ALL_SZ,0,rh_entorhinal,10,50,0.2,0.015544882629585225,32.5
ALL_SZ,0,rh_frontalpole,4,50,0.08,0.013351991711074698,39.24
ALL_SZ,0,rh_fusiform,18,50,0.36,0.020836914573411972,18.8
ALL_SZ,0,rh_inferiorparietal,3,50,0.06,0.014643676508108987,34.16
ALL_SZ,0,rh_inferiortemporal,10,50,0.2,0.014611442010105627,39.36
ALL_SZ,0,rh_insula,9,50,0.18,0.015217863177306286,30.38
ALL_SZ,0,rh_isthmuscingulate,4,50,0.08,0.013393296193496093,37.5
ALL_SZ,0,rh_lateraloccipital,5,50,0.1,0.013950157097691714,40.86
ALL_SZ,0,rh_lateralorbitofrontal,12,50,0.24,0.01635268081495859,30.5
ALL_SZ,0,rh_lingual,6,50,0.12,0.014944454104163325,34.02
ALL_SZ,0,rh_medialorbitofrontal,9,50,0.18,0.016858471332399358,28.74
ALL_SZ,0,rh_middletemporal,4,50,0.08,0.014166078369459722,33.62
ALL_SZ,0,rh_paracentral,11,50,0.22,0.01529315045934614,36.08
ALL_SZ,0,rh_parahippocampal,7,50,0.14,0.013436361610571664,36.56
ALL_SZ,0,rh_parsopercularis,11,50,0.22,0.015531079258117668,31.42
ALL_SZ,0,rh_parsorbitalis,2,50,0.04,0.012783147038243604,37.24
ALL_SZ,0,rh_parstriangularis,6,50,0.12,0.014390044810201046,35.32
ALL_SZ,0,rh_pericalcarine,7,50,0.14,0.014591896217891366,32.98
ALL_SZ,0,rh_postcentral,6,50,0.12,0.013565279539747822,38.18
ALL_SZ,0,rh_posteriorcingulate,2,50,0.04,0.01164455211671111,43.1
ALL_SZ,0,rh_precentral,8,50,0.16,0.01474131288839336,33.82
ALL_SZ,0,rh_precuneus,7,50,0.14,0.01371486435653841,37.24
ALL_SZ,0,rh_rostralanteriorcingulate,12,50,0.24,0.015423186436017988,32.6
ALL_SZ,0,rh_rostralmiddlefrontal,2,50,0.04,0.013017679596932421,35.96
ALL_SZ,0,rh_superiorfrontal,6,50,0.12,0.014970583845603395,32.86
ALL_SZ,0,rh_superiorparietal,8,50,0.16,0.015592978775425599,34.02
ALL_SZ,0,rh_superiortemporal,7,50,0.14,0.013966011898111464,38.0
ALL_SZ,0,rh_supramarginal,16,50,0.32,0.018690855678424066,24.82
ALL_SZ,0,rh_temporalpole,6,50,0.12,0.014705916443984647,33.5
ALL_SZ,0,rh_transversetemporal,18,50,0.36,0.019277908990124656,21.28
ALL_SZ,1,lh_bankssts,7,50,0.14,0.015327870114956415,31.54
ALL_SZ,1,lh_caudalanteriorcingulate,1,50,0.02,0.012018043095042561,44.02
ALL_SZ,1,lh_caudalmiddlefrontal,4,50,0.08,0.01351316283438396,35.92
ALL_SZ,1,lh_cuneus,14,50,0.28,0.0175316931440523,27.52
ALL_SZ,1,lh_entorhinal,10,50,0.2,0.014926812337635627,30.36
ALL_SZ,1,lh_frontalpole,10,50,0.2,0.014386787468910091,33.08
ALL_SZ,1,lh_fusiform,20,50,0.4,0.02050962792010923,21.3
ALL_SZ,1,lh_inferiorparietal,4,50,0.08,0.013841692996852157,34.08
ALL_SZ,1,lh_inferiortemporal,6,50,0.12,0.013828365454119237,41.08
ALL_SZ,1,lh_insula,4,50,0.08,0.013159837008735147,36.32
ALL_SZ,1,lh_isthmuscingulate,9,50,0.18,0.015323915612932242,35.78
ALL_SZ,1,lh_lateraloccipital,6,50,0.12,0.014439068762040432,36.54
ALL_SZ,1,lh_lateralorbitofrontal,11,50,0.22,0.016225457844471686,31.66
ALL_SZ,1,lh_lingual,7,50,0.14,0.015098450330842164,34.06
ALL_SZ,1,lh_medialorbitofrontal,12,50,0.24,0.016775962319817005,29.78
ALL_SZ,1,lh_middletemporal,11,50,0.22,0.016769811822843535,29.56
ALL_SZ,1,lh_paracentral,6,50,0.12,0.01408574350870709,35.7
ALL_SZ,1,lh_parahippocampal,4,50,0.08,0.012485591381815401,43.28
ALL_SZ,1,lh_parsopercularis,8,50,0.16,0.015790768803792127,32.66
ALL_SZ,1,lh_parsorbitalis,8,50,0.16,0.014539730003458944,35.8
ALL_SZ,1,lh_parstriangularis,9,50,0.18,0.014227395008702856,36.68
ALL_SZ,1,lh_pericalcarine,8,50,0.16,0.01649534033644719,33.7
ALL_SZ,1,lh_postcentral,5,50,0.1,0.013044031346562646,34.92
ALL_SZ,1,lh_posteriorcingulate,2,50,0.04,0.013272350131250926,38.32
ALL_SZ,1,lh_precentral,3,50,0.06,0.013057606649187724,35.08
ALL_SZ,1,lh_precuneus,1,50,0.02,0.013290804786390976,35.04
ALL_SZ,1,lh_rostralanteriorcingulate,7,50,0.14,0.015312648133218597,36.18
ALL_SZ,1,lh_rostralmiddlefrontal,7,50,0.14,0.015199589055441963,35.66
ALL_SZ,1,lh_superiorfrontal,3,50,0.06,0.013295818768226,36.18
ALL_SZ,1,lh_superiorparietal,4,50,0.08,0.01386771395228122,35.26
ALL_SZ,1,lh_superiortemporal,7,50,0.14,0.014312594630699955,36.7
ALL_SZ,1,lh_supramarginal,5,50,0.1,0.014196830795607816,34.18
ALL_SZ,1,lh_temporalpole,13,50,0.26,0.014768416285687242,36.88
ALL_SZ,1,lh_transversetemporal,13,50,0.26,0.01832814060625783,25.82
ALL_SZ,1,rh_bankssts,6,50,0.12,0.013437653543442951,35.36
ALL_SZ,1,rh_caudalanteriorcingulate,4,50,0.08,0.013218784999774254,41.88
ALL_SZ,1,rh_caudalmiddlefrontal,5,50,0.1,0.013586673667479393,35.66
ALL_SZ,1,rh_cuneus,7,50,0.14,0.014161625146737774,33.7
ALL_SZ,1,rh_entorhinal,7,50,0.14,0.014990290634817353,33.08
ALL_SZ,1,rh_frontalpole,7,50,0.14,0.013977662422646388,35.44
ALL_SZ,1,rh_fusiform,22,50,0.44,0.020852942620003784,18.04
ALL_SZ,1,rh_inferiorparietal,8,50,0.16,0.015635741253450307,33.6
ALL_SZ,1,rh_inferiortemporal,7,50,0.14,0.014588236568274926,37.46
ALL_SZ,1,rh_insula,8,50,0.16,0.015645891180974637,33.2
ALL_SZ,1,rh_isthmuscingulate,2,50,0.04,0.01230260418501641,38.2
ALL_SZ,1,rh_lateraloccipital,5,50,0.1,0.013773532115159864,37.7
ALL_SZ,1,rh_lateralorbitofrontal,11,50,0.22,0.01488716298135918,35.88
ALL_SZ,1,rh_lingual,8,50,0.16,0.014484057975276722,34.66
ALL_SZ,1,rh_medialorbitofrontal,7,50,0.14,0.014377116157355341,35.06
ALL_SZ,1,rh_middletemporal,7,50,0.14,0.014900921709784734,33.02
ALL_SZ,1,rh_paracentral,6,50,0.12,0.013835791461169518,35.86
ALL_SZ,1,rh_parahippocampal,5,50,0.1,0.012838206869474102,38.68
ALL_SZ,1,rh_parsopercularis,9,50,0.18,0.016365566571510816,35.26
ALL_SZ,1,rh_parsorbitalis,4,50,0.08,0.013464160459916273,35.22
ALL_SZ,1,rh_parstriangularis,11,50,0.22,0.015183276518299175,35.22
ALL_SZ,1,rh_pericalcarine,8,50,0.16,0.015235634702382624,30.82
ALL_SZ,1,rh_postcentral,4,50,0.08,0.014286141660922694,36.68
ALL_SZ,1,rh_posteriorcingulate,8,50,0.16,0.013598177423400325,37.56
ALL_SZ,1,rh_precentral,4,50,0.08,0.014003466020538752,34.38
ALL_SZ,1,rh_precuneus,8,50,0.16,0.01448591069124143,35.26
ALL_SZ,1,rh_rostralanteriorcingulate,9,50,0.18,0.014683296432786246,35.82
ALL_SZ,1,rh_rostralmiddlefrontal,4,50,0.08,0.01421135984478161,35.94
ALL_SZ,1,rh_superiorfrontal,6,50,0.12,0.013719944278869472,36.36
ALL_SZ,1,rh_superiorparietal,9,50,0.18,0.01563418004696371,32.68
ALL_SZ,1,rh_superiortemporal,4,50,0.08,0.013098819274445284,35.58
ALL_SZ,1,rh_supramarginal,7,50,0.14,0.014130225669403897,35.38
ALL_SZ,1,rh_temporalpole,5,50,0.1,0.014211408768763801,34.8
ALL_SZ,1,rh_transversetemporal,19,50,0.38,0.01894586289209597,21.92
ALL_SZ,2,lh_bankssts,10,50,0.2,0.01669054479563528,28.86
ALL_SZ,2,lh_caudalanteriorcingulate,6,50,0.12,0.01365718007025703,40.72
ALL_SZ,2,lh_caudalmiddlefrontal,6,50,0.12,0.013384516790749028,34.04
ALL_SZ,2,lh_cuneus,17,50,0.34,0.0166326624790881,31.04
ALL_SZ,2,lh_entorhinal,8,50,0.16,0.015012989498796543,34.64
ALL_SZ,2,lh_frontalpole,4,50,0.08,0.014127028388107228,40.64
ALL_SZ,2,lh_fusiform,19,50,0.38,0.02038921932170629,20.34
ALL_SZ,2,lh_inferiorparietal,6,50,0.12,0.014346486422822944,35.1
ALL_SZ,2,lh_inferiortemporal,9,50,0.18,0.015173023994691956,36.58
ALL_SZ,2,lh_insula,5,50,0.1,0.013579061421124094,37.92
ALL_SZ,2,lh_isthmuscingulate,5,50,0.1,0.014068510125649126,39.62
ALL_SZ,2,lh_lateraloccipital,8,50,0.16,0.014756465714478606,33.7
ALL_SZ,2,lh_lateralorbitofrontal,12,50,0.24,0.01606868350156724,34.16
ALL_SZ,2,lh_lingual,8,50,0.16,0.014026931780883205,35.88
ALL_SZ,2,lh_medialorbitofrontal,9,50,0.18,0.015854580491476842,31.32
ALL_SZ,2,lh_middletemporal,10,50,0.2,0.014966815364783993,32.16
ALL_SZ,2,lh_paracentral,4,50,0.08,0.014532201655696584,35.62
ALL_SZ,2,lh_parahippocampal,5,50,0.1,0.01360593306886319,39.42
ALL_SZ,2,lh_parsopercularis,8,50,0.16,0.016273468872032355,32.58
ALL_SZ,2,lh_parsorbitalis,8,50,0.16,0.014257682047363605,35.24
ALL_SZ,2,lh_parstriangularis,4,50,0.08,0.013225965393124513,36.9
ALL_SZ,2,lh_pericalcarine,7,50,0.14,0.01524278567338051,34.38
ALL_SZ,2,lh_postcentral,4,50,0.08,0.013065397602578983,39.48
ALL_SZ,2,lh_posteriorcingulate,6,50,0.12,0.012700963120895793,39.3
ALL_SZ,2,lh_precentral,4,50,0.08,0.014560272518874762,35.56
ALL_SZ,2,lh_precuneus,7,50,0.14,0.014586003236172927,36.76
ALL_SZ,2,lh_rostralanteriorcingulate,11,50,0.22,0.014605992016708456,34.96
ALL_SZ,2,lh_rostralmiddlefrontal,8,50,0.16,0.014250547331212388,35.72
ALL_SZ,2,lh_superiorfrontal,5,50,0.1,0.013271418280542043,33.54
ALL_SZ,2,lh_superiorparietal,3,50,0.06,0.013649552818449998,35.32
ALL_SZ,2,lh_superiortemporal,6,50,0.12,0.013276101431163185,37.34
ALL_SZ,2,lh_supramarginal,3,50,0.06,0.014033068873285664,34.18
ALL_SZ,2,lh_temporalpole,9,50,0.18,0.014994241041765522,33.96
ALL_SZ,2,lh_transversetemporal,14,50,0.28,0.018178635490666232,27.7
ALL_SZ,2,rh_bankssts,4,50,0.08,0.013063092289814471,35.8
ALL_SZ,2,rh_caudalanteriorcingulate,8,50,0.16,0.015049569314406215,34.1
ALL_SZ,2,rh_caudalmiddlefrontal,7,50,0.14,0.014337572754902994,34.78
ALL_SZ,2,rh_cuneus,6,50,0.12,0.01365442031413685,31.84
ALL_SZ,2,rh_entorhinal,8,50,0.16,0.01518130135341167,31.1
ALL_SZ,2,rh_frontalpole,5,50,0.1,0.01452709890461779,32.84
ALL_SZ,2,rh_fusiform,11,50,0.22,0.01811293276698374,27.04
ALL_SZ,2,rh_inferiorparietal,6,50,0.12,0.014719325878412712,33.26
ALL_SZ,2,rh_inferiortemporal,9,50,0.18,0.014376882442709033,34.08
ALL_SZ,2,rh_insula,7,50,0.14,0.015228573918570631,33.18
ALL_SZ,2,rh_isthmuscingulate,7,50,0.14,0.013644351124408361,34.3
ALL_SZ,2,rh_lateraloccipital,2,50,0.04,0.013274999481461505,37.66
ALL_SZ,2,rh_lateralorbitofrontal,8,50,0.16,0.014719072515091294,37.6
ALL_SZ,2,rh_lingual,8,50,0.16,0.015233035422776152,32.78
ALL_SZ,2,rh_medialorbitofrontal,10,50,0.2,0.015439539669846646,31.94
ALL_SZ,2,rh_middletemporal,4,50,0.08,0.014641331189798467,33.22
ALL_SZ,2,rh_paracentral,5,50,0.1,0.013989609121106179,36.3
ALL_SZ,2,rh_parahippocampal,8,50,0.16,0.013587631483168239,37.2
ALL_SZ,2,rh_parsopercularis,10,50,0.2,0.015782450368522053,32.72
ALL_SZ,2,rh_parsorbitalis,8,50,0.16,0.01345235226994961,36.94
ALL_SZ,2,rh_parstriangularis,6,50,0.12,0.013671269887554986,37.56
ALL_SZ,2,rh_pericalcarine,8,50,0.16,0.014946038958795036,32.06
ALL_SZ,2,rh_postcentral,5,50,0.1,0.014483178771710953,34.44
ALL_SZ,2,rh_posteriorcingulate,5,50,0.1,0.013004086055754555,39.4
ALL_SZ,2,rh_precentral,5,50,0.1,0.013938394716476439,37.4
ALL_SZ,2,rh_precuneus,5,50,0.1,0.014360827543431052,38.24
ALL_SZ,2,rh_rostralanteriorcingulate,10,50,0.2,0.016405301517998683,31.96
ALL_SZ,2,rh_rostralmiddlefrontal,6,50,0.12,0.013120073336766024,37.16
ALL_SZ,2,rh_superiorfrontal,7,50,0.14,0.014290862075599717,37.14
ALL_SZ,2,rh_superiorparietal,8,50,0.16,0.015555879052313117,34.02
ALL_SZ,2,rh_superiortemporal,4,50,0.08,0.013966813057920816,36.7
ALL_SZ,2,rh_supramarginal,9,50,0.18,0.015334074825995548,29.92
ALL_SZ,2,rh_temporalpole,7,50,0.14,0.014308405183228652,35.7
ALL_SZ,2,rh_transversetemporal,16,50,0.32,0.019554721797765608,20.94
ALL_CTRL,0,lh_bankssts,17,125,0.136,0.01480900281099358,33.024
ALL_CTRL,0,lh_caudalanteriorcingulate,19,125,0.152,0.014188921332061635,31.928
ALL_CTRL,0,lh_caudalmiddlefrontal,20,125,0.16,0.014358633809282309,35.824
ALL_CTRL,0,lh_cuneus,20,125,0.16,0.015202754449043444,31.88
ALL_CTRL,0,lh_entorhinal,13,125,0.104,0.01420247332288219,36.824
ALL_CTRL,0,lh_frontalpole,12,125,0.096,0.013999686748273728,35.696
ALL_CTRL,0,lh_fusiform,47,125,0.376,0.018880179096495333,21.632
ALL_CTRL,0,lh_inferiorparietal,17,125,0.136,0.014363576818663671,36.184
ALL_CTRL,0,lh_inferiortemporal,25,125,0.2,0.015223907384974396,36.112
ALL_CTRL,0,lh_insula,23,125,0.184,0.015682729175329226,32.304
ALL_CTRL,0,lh_isthmuscingulate,17,125,0.136,0.01401933066192752,37.368
ALL_CTRL,0,lh_lateraloccipital,13,125,0.104,0.014198262200949725,36.848
ALL_CTRL,0,lh_lateralorbitofrontal,32,125,0.256,0.016773570178349288,31.408
ALL_CTRL,0,lh_lingual,20,125,0.16,0.014983236774295812,36.496
ALL_CTRL,0,lh_medialorbitofrontal,29,125,0.232,0.015846350104430765,31.824
ALL_CTRL,0,lh_middletemporal,12,125,0.096,0.013500826518189893,37.232
ALL_CTRL,0,lh_paracentral,9,125,0.072,0.013568821287022428,38.04
ALL_CTRL,0,lh_parahippocampal,18,125,0.144,0.01567447037769177,34.032
ALL_CTRL,0,lh_parsopercularis,35,125,0.28,0.01699205933960482,29.28
ALL_CTRL,0,lh_parsorbitalis,16,125,0.128,0.014131999020613581,34.728
ALL_CTRL,0,lh_parstriangularis,14,125,0.112,0.013719575396765889,36.288
ALL_CTRL,0,lh_pericalcarine,12,125,0.096,0.014128710910881203,35.992
ALL_CTRL,0,lh_postcentral,7,125,0.056,0.012362936810322123,43.208
ALL_CTRL,0,lh_posteriorcingulate,15,125,0.12,0.014246976789828824,35.584
ALL_CTRL,0,lh_precentral,13,125,0.104,0.01470823129716549,36.344
ALL_CTRL,0,lh_precuneus,12,125,0.096,0.014060753348435068,33.136
ALL_CTRL,0,lh_rostralanteriorcingulate,25,125,0.2,0.01644671312406349,29.368
ALL_CTRL,0,lh_rostralmiddlefrontal,9,125,0.072,0.013323386774872218,35.576
ALL_CTRL,0,lh_superiorfrontal,16,125,0.128,0.01378004022485174,37.784
ALL_CTRL,0,lh_superiorparietal,11,125,0.088,0.013304294969356742,38.736
ALL_CTRL,0,lh_superiortemporal,11,125,0.088,0.013286351231324616,38.888
ALL_CTRL,0,lh_supramarginal,9,125,0.072,0.013375942713268463,36.464
ALL_CTRL,0,lh_temporalpole,15,125,0.12,0.014242848160124472,34.72
ALL_CTRL,0,lh_transversetemporal,41,125,0.328,0.018047845303069732,24.52
ALL_CTRL,0,rh_bankssts,19,125,0.152,0.014481466975925623,33.4
ALL_CTRL,0,rh_caudalanteriorcingulate,16,125,0.128,0.014542376254567297,35.16
ALL_CTRL,0,rh_caudalmiddlefrontal,21,125,0.168,0.014750084721417865,36.048
ALL_CTRL,0,rh_cuneus,22,125,0.176,0.015612500196855346,31.112
ALL_CTRL,0,rh_entorhinal,15,125,0.12,0.015151696941976028,34.336
ALL_CTRL,0,rh_frontalpole,14,125,0.112,0.014518372402192585,34.144
ALL_CTRL,0,rh_fusiform,59,125,0.472,0.02024372987897143,22.288
ALL_CTRL,0,rh_inferiorparietal,15,125,0.12,0.014230298027743553,37.984
ALL_CTRL,0,rh_inferiortemporal,14,125,0.112,0.014686914205715046,34.24
ALL_CTRL,0,rh_insula,19,125,0.152,0.015097280010811554,34.04
ALL_CTRL,0,rh_isthmuscingulate,14,125,0.112,0.014477447277278632,34.064
ALL_CTRL,0,rh_lateraloccipital,20,125,0.16,0.014707548857071472,35.936
ALL_CTRL,0,rh_lateralorbitofrontal,28,125,0.224,0.01602188488146893,31.864
ALL_CTRL,0,rh_lingual,15,125,0.12,0.014328359494571353,34.816
ALL_CTRL,0,rh_medialorbitofrontal,21,125,0.168,0.01455955136356572,33.8
ALL_CTRL,0,rh_middletemporal,13,125,0.104,0.013768559349798279,36.536
ALL_CTRL,0,rh_paracentral,12,125,0.096,0.014098438771422316,37.44
ALL_CTRL,0,rh_parahippocampal,12,125,0.096,0.013975770349550422,36.888
ALL_CTRL,0,rh_parsopercularis,17,125,0.136,0.01401420287393486,37.328
ALL_CTRL,0,rh_parsorbitalis,19,125,0.152,0.014418011561838046,35.76
ALL_CTRL,0,rh_parstriangularis,17,125,0.136,0.014188541534681317,32.88
ALL_CTRL,0,rh_pericalcarine,9,125,0.072,0.013595819717664569,36.432
ALL_CTRL,0,rh_postcentral,11,125,0.088,0.013725984996262404,38.168
ALL_CTRL,0,rh_posteriorcingulate,20,125,0.16,0.015180444531956768,32.848
ALL_CTRL,0,rh_precentral,8,125,0.064,0.013566626977096794,38.24
ALL_CTRL,0,rh_precuneus,13,125,0.104,0.014543983411169178,35.432
ALL_CTRL,0,rh_rostralanteriorcingulate,22,125,0.176,0.014219114295744968,34.68
ALL_CTRL,0,rh_rostralmiddlefrontal,13,125,0.104,0.013538483145319335,35.952
ALL_CTRL,0,rh_superiorfrontal,12,125,0.096,0.013205076854221145,37.928
ALL_CTRL,0,rh_superiorparietal,10,125,0.08,0.013321570677756547,39.192
ALL_CTRL,0,rh_superiortemporal,14,125,0.112,0.013959229342422889,37.24
ALL_CTRL,0,rh_supramarginal,35,125,0.28,0.016616207140918524,29.792
ALL_CTRL,0,rh_temporalpole,19,125,0.152,0.015159737715707708,30.568
ALL_CTRL,0,rh_transversetemporal,38,125,0.304,0.017859286796996318,24.192
ALL_CTRL,1,lh_bankssts,16,125,0.128,0.014126309409549363,33.912
ALL_CTRL,1,lh_caudalanteriorcingulate,20,125,0.16,0.016139306058999735,32.664
ALL_CTRL,1,lh_caudalmiddlefrontal,16,125,0.128,0.01487368278316314,37.576
ALL_CTRL,1,lh_cuneus,24,125,0.192,0.015009444802452187,32.072
ALL_CTRL,1,lh_entorhinal,17,125,0.136,0.014557784721675612,35.344
ALL_CTRL,1,lh_frontalpole,18,125,0.144,0.014300354079983223,33.032
ALL_CTRL,1,lh_fusiform,54,125,0.432,0.018752036355801395,23.496
ALL_CTRL,1,lh_inferiorparietal,10,125,0.08,0.013528692969528328,37.168
ALL_CTRL,1,lh_inferiortemporal,18,125,0.144,0.014128538646615053,36.936
ALL_CTRL,1,lh_insula,10,125,0.08,0.014142708834341048,33.568
ALL_CTRL,1,lh_isthmuscingulate,11,125,0.088,0.013646138511867991,34.992
ALL_CTRL,1,lh_lateraloccipital,16,125,0.128,0.013991880345343813,38.08
ALL_CTRL,1,lh_lateralorbitofrontal,27,125,0.216,0.015642226120622278,30.632
ALL_CTRL,1,lh_lingual,9,125,0.072,0.013777301410776236,38.248
ALL_CTRL,1,lh_medialorbitofrontal,29,125,0.232,0.015781226150233217,32.08
ALL_CTRL,1,lh_middletemporal,9,125,0.072,0.013156042341507333,38.896
ALL_CTRL,1,lh_paracentral,13,125,0.104,0.01426743005531567,36.512
ALL_CTRL,1,lh_parahippocampal,26,125,0.208,0.01578414314648346,33.32
ALL_CTRL,1,lh_parsopercularis,31,125,0.248,0.01734446344643235,29.904
ALL_CTRL,1,lh_parsorbitalis,17,125,0.136,0.013561102743277955,37.248
ALL_CTRL,1,lh_parstriangularis,22,125,0.176,0.014198611604532943,37.744
ALL_CTRL,1,lh_pericalcarine,11,125,0.088,0.013986605524087387,35.8
ALL_CTRL,1,lh_postcentral,9,125,0.072,0.013742896236783705,38.68
ALL_CTRL,1,lh_posteriorcingulate,8,125,0.064,0.013613590665292505,35.28
ALL_CTRL,1,lh_precentral,14,125,0.112,0.014554445909785108,34.224
ALL_CTRL,1,lh_precuneus,13,125,0.104,0.014642577098737257,32.304
ALL_CTRL,1,lh_rostralanteriorcingulate,30,125,0.24,0.016506457839180665,28.32
ALL_CTRL,1,lh_rostralmiddlefrontal,8,125,0.064,0.013250985152888944,36.536
ALL_CTRL,1,lh_superiorfrontal,13,125,0.104,0.014029475306334863,36.64
ALL_CTRL,1,lh_superiorparietal,13,125,0.104,0.013903064698054527,37.24
ALL_CTRL,1,lh_superiortemporal,17,125,0.136,0.014003265700326988,36.192
ALL_CTRL,1,lh_supramarginal,13,125,0.104,0.014100706352845362,37.048
ALL_CTRL,1,lh_temporalpole,17,125,0.136,0.01474617719569522,33.608
ALL_CTRL,1,lh_transversetemporal,46,125,0.368,0.018355491939228263,24.736
ALL_CTRL,1,rh_bankssts,6,125,0.048,0.013298370250866593,38.472
ALL_CTRL,1,rh_caudalanteriorcingulate,22,125,0.176,0.015352660707923616,34.616
ALL_CTRL,1,rh_caudalmiddlefrontal,17,125,0.136,0.015215638377001147,34.104
ALL_CTRL,1,rh_cuneus,22,125,0.176,0.01504369505607756,32.056
ALL_CTRL,1,rh_entorhinal,19,125,0.152,0.015247555649823575,31.744
ALL_CTRL,1,rh_frontalpole,24,125,0.192,0.015305243790403985,32.576
ALL_CTRL,1,rh_fusiform,49,125,0.392,0.017504772434902737,26.2
ALL_CTRL,1,rh_inferiorparietal,21,125,0.168,0.015156333996045612,34.456
ALL_CTRL,1,rh_inferiortemporal,24,125,0.192,0.015131607897499887,33.52
ALL_CTRL,1,rh_insula,19,125,0.152,0.013909707386975327,34.968
ALL_CTRL,1,rh_isthmuscingulate,12,125,0.096,0.014473194522905287,33.368
ALL_CTRL,1,rh_lateraloccipital,14,125,0.112,0.014357489411517058,36.488
ALL_CTRL,1,rh_lateralorbitofrontal,24,125,0.192,0.015132413476962073,33.488
ALL_CTRL,1,rh_lingual,18,125,0.144,0.014235485486782308,36.704
ALL_CTRL,1,rh_medialorbitofrontal,22,125,0.176,0.014886971076697482,33.768
ALL_CTRL,1,rh_middletemporal,17,125,0.136,0.014114589762487952,34.632
ALL_CTRL,1,rh_paracentral,15,125,0.12,0.014332828072347124,39.128
ALL_CTRL,1,rh_parahippocampal,16,125,0.128,0.014312237602280177,37.272
ALL_CTRL,1,rh_parsopercularis,18,125,0.144,0.013879079650052023,36.16
ALL_CTRL,1,rh_parsorbitalis,14,125,0.112,0.014197264067219459,38.864
ALL_CTRL,1,rh_parstriangularis,17,125,0.136,0.014489337995973534,31.744
ALL_CTRL,1,rh_pericalcarine,13,125,0.104,0.01414635703283497,35.336
ALL_CTRL,1,rh_postcentral,14,125,0.112,0.014411783775141003,36.264
ALL_CTRL,1,rh_posteriorcingulate,18,125,0.144,0.014977727019876971,33.504
ALL_CTRL,1,rh_precentral,10,125,0.08,0.014254256420490063,35.888
ALL_CTRL,1,rh_precuneus,17,125,0.136,0.014576477486111709,33.792
ALL_CTRL,1,rh_rostralanteriorcingulate,16,125,0.128,0.014507997798573863,32.792
ALL_CTRL,1,rh_rostralmiddlefrontal,16,125,0.128,0.014070034186740034,34.352
ALL_CTRL,1,rh_superiorfrontal,9,125,0.072,0.014007421395620591,37.96
ALL_CTRL,1,rh_superiorparietal,13,125,0.104,0.014094909733093356,38.072
ALL_CTRL,1,rh_superiortemporal,14,125,0.112,0.014395112636196937,35.32
ALL_CTRL,1,rh_supramarginal,20,125,0.16,0.014479379560688076,35.824
ALL_CTRL,1,rh_temporalpole,15,125,0.12,0.01458562822677241,35.752
ALL_CTRL,1,rh_transversetemporal,40,125,0.32,0.01777127389737238,26.784
ALL_CTRL,2,lh_bankssts,12,125,0.096,0.014365585865932472,32.944
ALL_CTRL,2,lh_caudalanteriorcingulate,19,125,0.152,0.015182405526961025,32.536
ALL_CTRL,2,lh_caudalmiddlefrontal,20,125,0.16,0.015384150809777683,32.992
ALL_CTRL,2,lh_cuneus,23,125,0.184,0.015783637542723362,31.656
ALL_CTRL,2,lh_entorhinal,17,125,0.136,0.014721401695447186,36.712
ALL_CTRL,2,lh_frontalpole,10,125,0.08,0.013741969545471473,37.272
ALL_CTRL,2,lh_fusiform,46,125,0.368,0.018221402073661817,24.36
ALL_CTRL,2,lh_inferiorparietal,9,125,0.072,0.013311889464906754,39.848
ALL_CTRL,2,lh_inferiortemporal,15,125,0.12,0.013817104009997198,38.168
ALL_CTRL,2,lh_insula,21,125,0.168,0.015581657011062868,32.136
ALL_CTRL,2,lh_isthmuscingulate,10,125,0.08,0.013873268537771079,38.44
ALL_CTRL,2,lh_lateraloccipital,15,125,0.12,0.014715269369876684,34.8
ALL_CTRL,2,lh_lateralorbitofrontal,24,125,0.192,0.015794006840464784,29.208
ALL_CTRL,2,lh_lingual,19,125,0.152,0.014488018997461497,35.88
ALL_CTRL,2,lh_medialorbitofrontal,23,125,0.184,0.01553351419905654,31.416
ALL_CTRL,2,lh_middletemporal,21,125,0.168,0.01386019077705324,38.144
ALL_CTRL,2,lh_paracentral,17,125,0.136,0.014393746210282249,35.984
ALL_CTRL,2,lh_parahippocampal,24,125,0.192,0.014892955504512296,32.992
ALL_CTRL,2,lh_parsopercularis,23,125,0.184,0.015866304627006354,31.768
ALL_CTRL,2,lh_parsorbitalis,14,125,0.112,0.014294234970415359,35.376
ALL_CTRL,2,lh_parstriangularis,21,125,0.168,0.01445706090442878,34.696
ALL_CTRL,2,lh_pericalcarine,11,125,0.088,0.013896772429553958,36.688
ALL_CTRL,2,lh_postcentral,10,125,0.08,0.013455455951686374,37.624
ALL_CTRL,2,lh_posteriorcingulate,18,125,0.144,0.014507071469701042,35.328
ALL_CTRL,2,lh_precentral,15,125,0.12,0.01444059981691492,34.032
ALL_CTRL,2,lh_precuneus,17,125,0.136,0.014409461475908908,35.656
ALL_CTRL,2,lh_rostralanteriorcingulate,25,125,0.2,0.015534640475359837,31.152
ALL_CTRL,2,lh_rostralmiddlefrontal,12,125,0.096,0.013928613529423955,34.28
ALL_CTRL,2,lh_superiorfrontal,14,125,0.112,0.013815313448198594,33.408
ALL_CTRL,2,lh_superiorparietal,13,125,0.104,0.014246121147838126,36.92
ALL_CTRL,2,lh_superiortemporal,16,125,0.128,0.014219471662305467,37.76
ALL_CTRL,2,lh_supramarginal,17,125,0.136,0.01453044734694277,34.128
ALL_CTRL,2,lh_temporalpole,19,125,0.152,0.014988659955535886,34.088
ALL_CTRL,2,lh_transversetemporal,38,125,0.304,0.01682488700546618,27.624
ALL_CTRL,2,rh_bankssts,19,125,0.152,0.014934057448455815,33.784
ALL_CTRL,2,rh_caudalanteriorcingulate,16,125,0.128,0.01485880342458984,36.376
ALL_CTRL,2,rh_caudalmiddlefrontal,13,125,0.104,0.014273295393850251,34.344
ALL_CTRL,2,rh_cuneus,22,125,0.176,0.014845216644485933,33.832
ALL_CTRL,2,rh_entorhinal,18,125,0.144,0.015255765454133907,34.12
ALL_CTRL,2,rh_frontalpole,24,125,0.192,0.01572881520718169,31.52
ALL_CTRL,2,rh_fusiform,47,125,0.376,0.0180146863725131,25.632
ALL_CTRL,2,rh_inferiorparietal,18,125,0.144,0.01429984951749503,34.344
ALL_CTRL,2,rh_inferiortemporal,17,125,0.136,0.014596551085157712,40.024
ALL_CTRL,2,rh_insula,18,125,0.144,0.014472290136643688,34.872
ALL_CTRL,2,rh_isthmuscingulate,14,125,0.112,0.014253620441160793,35.464
ALL_CTRL,2,rh_lateraloccipital,19,125,0.152,0.014944578819286914,35.248
ALL_CTRL,2,rh_lateralorbitofrontal,25,125,0.2,0.015476994776640097,34.704
ALL_CTRL,2,rh_lingual,14,125,0.112,0.014442466164978802,37.32
ALL_CTRL,2,rh_medialorbitofrontal,22,125,0.176,0.01498679012378939,35.712
ALL_CTRL,2,rh_middletemporal,16,125,0.128,0.014079311521333439,36.016
ALL_CTRL,2,rh_paracentral,13,125,0.104,0.013888155957127661,35.088
ALL_CTRL,2,rh_parahippocampal,22,125,0.176,0.0151361615634669,32.36
ALL_CTRL,2,rh_parsopercularis,17,125,0.136,0.01401218632751202,35.912
ALL_CTRL,2,rh_parsorbitalis,14,125,0.112,0.014034031431722046,35.776
ALL_CTRL,2,rh_parstriangularis,26,125,0.208,0.015391295423417287,31.8
ALL_CTRL,2,rh_pericalcarine,14,125,0.112,0.014577594482584773,34.784
ALL_CTRL,2,rh_postcentral,11,125,0.088,0.013530519980316793,38.136
ALL_CTRL,2,rh_posteriorcingulate,24,125,0.192,0.014915000595079768,32.712
ALL_CTRL,2,rh_precentral,13,125,0.104,0.013980029410000148,36.28
ALL_CTRL,2,rh_precuneus,15,125,0.12,0.014238141338466287,36.888
ALL_CTRL,2,rh_rostralanteriorcingulate,22,125,0.176,0.01488193396431856,33.0
ALL_CTRL,2,rh_rostralmiddlefrontal,20,125,0.16,0.014905145482510485,32.088
ALL_CTRL,2,rh_superiorfrontal,9,125,0.072,0.013432408859075325,36.504
ALL_CTRL,2,rh_superiorparietal,11,125,0.088,0.013782275713171664,37.48
ALL_CTRL,2,rh_superiortemporal,12,125,0.096,0.013837155215664414,35.584
ALL_CTRL,2,rh_supramarginal,14,125,0.112,0.013984735675300284,37.552
ALL_CTRL,2,rh_temporalpole,13,125,0.104,0.014116804273270549,37.808
ALL_CTRL,2,rh_transversetemporal,30,125,0.24,0.016816041576191917,26.92
TP,0,lh_bankssts,3,24,0.125,0.014099304910958678,33.875
TP,0,lh_caudalanteriorcingulate,2,24,0.08333333333333333,0.011972757138512174,43.833333333333336
TP,0,lh_caudalmiddlefrontal,2,24,0.08333333333333333,0.012464746041383175,40.458333333333336
TP,0,lh_cuneus,7,24,0.2916666666666667,0.016828925153947006,31.583333333333332
TP,0,lh_entorhinal,3,24,0.125,0.014567156987698643,34.041666666666664
TP,0,lh_frontalpole,2,24,0.08333333333333333,0.011839237540445113,40.375
TP,0,lh_fusiform,7,24,0.2916666666666667,0.017934515598313373,23.75
TP,0,lh_inferiorparietal,4,24,0.16666666666666666,0.014734681256650381,32.708333333333336
TP,0,lh_inferiortemporal,5,24,0.20833333333333334,0.01526708897643308,35.583333333333336
TP,0,lh_insula,4,24,0.16666666666666666,0.014797079120446392,38.291666666666664
TP,0,lh_isthmuscingulate,1,24,0.041666666666666664,0.011254463588805977,42.083333333333336
TP,0,lh_lateraloccipital,3,24,0.125,0.012710693304092547,40.375
TP,0,lh_lateralorbitofrontal,7,24,0.2916666666666667,0.01842178478129813,25.375
TP,0,lh_lingual,4,24,0.16666666666666666,0.01453666529612161,30.375
TP,0,lh_medialorbitofrontal,5,24,0.20833333333333334,0.016397207984950833,30.25
TP,0,lh_middletemporal,5,24,0.20833333333333334,0.017071466133916142,32.958333333333336
TP,0,lh_paracentral,3,24,0.125,0.01559393115891037,31.0
TP,0,lh_parahippocampal,2,24,0.08333333333333333,0.012500134016689528,38.875
TP,0,lh_parsopercularis,6,24,0.25,0.016645899124896498,31.333333333333332
TP,0,lh_parsorbitalis,2,24,0.08333333333333333,0.012577879732707511,38.833333333333336
TP,0,lh_parstriangularis,3,24,0.125,0.01318039075186319,37.0
TP,0,lh_pericalcarine,5,24,0.20833333333333334,0.01726020749061818,34.125
TP,0,lh_postcentral,1,24,0.041666666666666664,0.012533645096765265,36.625
TP,0,lh_posteriorcingulate,3,24,0.125,0.013207404996733446,40.75
TP,0,lh_precentral,2,24,0.08333333333333333,0.013846422671921479,32.708333333333336
TP,0,lh_precuneus,6,24,0.25,0.018287854328513004,24.916666666666668
TP,0,lh_rostralanteriorcingulate,1,24,0.041666666666666664,0.011635664543791786,42.208333333333336
TP,0,lh_rostralmiddlefrontal,4,24,0.16666666666666666,0.016994943202364693,30.208333333333332
TP,0,lh_superiorfrontal,2,24,0.08333333333333333,0.01321696796659935,36.666666666666664
TP,0,lh_superiorparietal,2,24,0.08333333333333333,0.013202864133568026,34.666666666666664
TP,0,lh_superiortemporal,4,24,0.16666666666666666,0.015009013466791529,35.291666666666664
TP,0,lh_supramarginal,1,24,0.041666666666666664,0.012381060136363664,38.833333333333336
TP,0,lh_temporalpole,2,24,0.08333333333333333,0.013001580132834168,38.875
TP,0,lh_transversetemporal,5,24,0.20833333333333334,0.019234305602399315,22.291666666666668
TP,0,rh_bankssts,2,24,0.08333333333333333,0.01285182204674041,42.125
TP,0,rh_caudalanteriorcingulate,0,24,0.0,0.011016659404154326,42.666666666666664
TP,0,rh_caudalmiddlefrontal,2,24,0.08333333333333333,0.012663056097570978,36.958333333333336
TP,0,rh_cuneus,4,24,0.16666666666666666,0.01578138210983213,31.208333333333332
TP,0,rh_entorhinal,5,24,0.20833333333333334,0.01624648965559332,30.833333333333332
TP,0,rh_frontalpole,1,24,0.041666666666666664,0.011831378860613743,40.875
TP,0,rh_fusiform,7,24,0.2916666666666667,0.021664891725221496,16.375
TP,0,rh_inferiorparietal,2,24,0.08333333333333333,0.014635554637997324,32.541666666666664
TP,0,rh_inferiortemporal,4,24,0.16666666666666666,0.013327734124869539,41.708333333333336
TP,0,rh_insula,5,24,0.20833333333333334,0.01612723310173536,30.333333333333332
TP,0,rh_isthmuscingulate,1,24,0.041666666666666664,0.011949659851953861,41.583333333333336
TP,0,rh_lateraloccipital,4,24,0.16666666666666666,0.014520042289698595,38.0
TP,0,rh_lateralorbitofrontal,3,24,0.125,0.013559006375499803,38.333333333333336
TP,0,rh_lingual,5,24,0.20833333333333334,0.017132938653327535,28.25
TP,0,rh_medialorbitofrontal,5,24,0.20833333333333334,0.018210330417233814,24.75
TP,0,rh_middletemporal,2,24,0.08333333333333333,0.014487001041325753,35.583333333333336
TP,0,rh_paracentral,7,24,0.2916666666666667,0.01718056844803718,32.416666666666664
TP,0,rh_parahippocampal,2,24,0.08333333333333333,0.012485334190195064,39.541666666666664
TP,0,rh_parsopercularis,4,24,0.16666666666666666,0.01524114946304884,32.291666666666664
TP,0,rh_parsorbitalis,0,24,0.0,0.011841190376634782,38.875
TP,0,rh_parstriangularis,2,24,0.08333333333333333,0.01368502273370427,37.416666666666664
TP,0,rh_pericalcarine,5,24,0.20833333333333334,0.015729706867641535,30.208333333333332
TP,0,rh_postcentral,3,24,0.125,0.013100082397538763,39.291666666666664
TP,0,rh_posteriorcingulate,0,24,0.0,0.00971849334563763,47.958333333333336
TP,0,rh_precentral,4,24,0.16666666666666666,0.014680218501559957,33.416666666666664
TP,0,rh_precuneus,4,24,0.16666666666666666,0.013589983608649785,37.375
TP,0,rh_rostralanteriorcingulate,5,24,0.20833333333333334,0.014912406095280809,34.75
TP,0,rh_rostralmiddlefrontal,1,24,0.041666666666666664,0.012361639949551083,38.0
TP,0,rh_superiorfrontal,4,24,0.16666666666666666,0.016043675468980344,29.5
TP,0,rh_superiorparietal,6,24,0.25,0.0178271266791693,29.708333333333332
TP,0,rh_superiortemporal,4,24,0.16666666666666666,0.014724715320564538,37.125
TP,0,rh_supramarginal,8,24,0.3333333333333333,0.0205515844961009,22.708333333333332
TP,0,rh_temporalpole,3,24,0.125,0.01435555123830595,34.166666666666664
TP,0,rh_transversetemporal,8,24,0.3333333333333333,0.02075842805772702,18.0
TP,1,lh_bankssts,2,28,0.07142857142857142,0.013680396132812144,35.714285714285715
TP,1,lh_caudalanteriorcingulate,0,28,0.0,0.011199062072220028,42.642857142857146
TP,1,lh_caudalmiddlefrontal,2,28,0.07142857142857142,0.012364250541602438,36.25
TP,1,lh_cuneus,7,28,0.25,0.017149896163311446,29.25
TP,1,lh_entorhinal,5,28,0.17857142857142858,0.015088772655095034,29.892857142857142
TP,1,lh_frontalpole,4,28,0.14285714285714285,0.01322959669980518,36.92857142857143
TP,1,lh_fusiform,11,28,0.39285714285714285,0.022078202647644523,17.642857142857142
TP,1,lh_inferiorparietal,3,28,0.10714285714285714,0.013979987122548347,34.5
TP,1,lh_inferiortemporal,3,28,0.10714285714285714,0.013316507423092058,43.285714285714285
TP,1,lh_insula,2,28,0.07142857142857142,0.012781414843501707,38.035714285714285
TP,1,lh_isthmuscingulate,7,28,0.25,0.015480143362249484,35.0
TP,1,lh_lateraloccipital,4,28,0.14285714285714285,0.014940336039120572,34.67857142857143
TP,1,lh_lateralorbitofrontal,8,28,0.2857142857142857,0.017616408431778,30.178571428571427
TP,1,lh_lingual,6,28,0.21428571428571427,0.01624231039197937,29.035714285714285
TP,1,lh_medialorbitofrontal,9,28,0.32142857142857145,0.018963340374265458,27.535714285714285
TP,1,lh_middletemporal,7,28,0.25,0.017381462827881486,30.5
TP,1,lh_paracentral,3,28,0.10714285714285714,0.014023797538043071,34.07142857142857
TP,1,lh_parahippocampal,2,28,0.07142857142857142,0.011104245298936983,46.42857142857143
TP,1,lh_parsopercularis,4,28,0.14285714285714285,0.01500079721711419,33.357142857142854
TP,1,lh_parsorbitalis,4,28,0.14285714285714285,0.014838527769723433,35.92857142857143
TP,1,lh_parstriangularis,4,28,0.14285714285714285,0.014273899008656962,36.714285714285715
TP,1,lh_pericalcarine,5,28,0.17857142857142858,0.01669286863902118,32.714285714285715
TP,1,lh_postcentral,4,28,0.14285714285714285,0.012915477498596705,37.214285714285715
TP,1,lh_posteriorcingulate,1,28,0.03571428571428571,0.012995704544193834,40.607142857142854
TP,1,lh_precentral,0,28,0.0,0.01228061484361892,36.67857142857143
TP,1,lh_precuneus,1,28,0.03571428571428571,0.01362965661042283,31.571428571428573
TP,1,lh_rostralanteriorcingulate,4,28,0.14285714285714285,0.014316191189367573,37.57142857142857
TP,1,lh_rostralmiddlefrontal,4,28,0.14285714285714285,0.015774436032444956,32.42857142857143
TP,1,lh_superiorfrontal,1,28,0.03571428571428571,0.01284644795530972,37.642857142857146
TP,1,lh_superiorparietal,2,28,0.07142857142857142,0.01417667509406373,35.82142857142857
TP,1,lh_superiortemporal,4,28,0.14285714285714285,0.014198828296096758,38.67857142857143
TP,1,lh_supramarginal,4,28,0.14285714285714285,0.014875047070316378,34.285714285714285
TP,1,lh_temporalpole,5,28,0.17857142857142858,0.0141099661844224,40.0
TP,1,lh_transversetemporal,8,28,0.2857142857142857,0.01999296181715019,22.964285714285715
TP,1,rh_bankssts,3,28,0.10714285714285714,0.013283962418811591,38.214285714285715
TP,1,rh_caudalanteriorcingulate,1,28,0.03571428571428571,0.011301726277465776,44.642857142857146
TP,1,rh_caudalmiddlefrontal,2,28,0.07142857142857142,0.012930470038302586,37.82142857142857
TP,1,rh_cuneus,2,28,0.07142857142857142,0.012903696825514146,34.214285714285715
TP,1,rh_entorhinal,3,28,0.10714285714285714,0.014897663037272966,34.892857142857146
TP,1,rh_frontalpole,4,28,0.14285714285714285,0.013855649002723432,37.67857142857143
TP,1,rh_fusiform,12,28,0.42857142857142855,0.022818390493749306,16.571428571428573
TP,1,rh_inferiorparietal,5,28,0.17857142857142858,0.01507939153691982,32.5
TP,1,rh_inferiortemporal,4,28,0.14285714285714285,0.014173707038542782,35.107142857142854
TP,1,rh_insula,5,28,0.17857142857142858,0.01688414246526939,31.107142857142858
TP,1,rh_isthmuscingulate,0,28,0.0,0.01113056562617966,42.035714285714285
TP,1,rh_lateraloccipital,4,28,0.14285714285714285,0.01441213708774308,33.857142857142854
TP,1,rh_lateralorbitofrontal,5,28,0.17857142857142858,0.01390045380106041,37.964285714285715
TP,1,rh_lingual,3,28,0.10714285714285714,0.014075517231474688,35.57142857142857
TP,1,rh_medialorbitofrontal,6,28,0.21428571428571427,0.015313458977926828,34.285714285714285
TP,1,rh_middletemporal,5,28,0.17857142857142858,0.01603318364507329,30.392857142857142
TP,1,rh_paracentral,3,28,0.10714285714285714,0.0131930022945464,39.035714285714285
TP,1,rh_parahippocampal,0,28,0.0,0.011657882394129699,41.535714285714285
TP,1,rh_parsopercularis,6,28,0.21428571428571427,0.01787931113676888,31.535714285714285
TP,1,rh_parsorbitalis,2,28,0.07142857142857142,0.012563807748180623,36.17857142857143
TP,1,rh_parstriangularis,4,28,0.14285714285714285,0.013393822039286787,37.392857142857146
TP,1,rh_pericalcarine,5,28,0.17857142857142858,0.015408028046811918,28.75
TP,1,rh_postcentral,4,28,0.14285714285714285,0.015653285122715837,29.392857142857142
TP,1,rh_posteriorcingulate,4,28,0.14285714285714285,0.013145918178110127,37.785714285714285
TP,1,rh_precentral,4,28,0.14285714285714285,0.01457249165726054,32.535714285714285
TP,1,rh_precuneus,6,28,0.21428571428571427,0.015309181564487571,35.25
TP,1,rh_rostralanteriorcingulate,3,28,0.10714285714285714,0.014124127041187083,36.92857142857143
TP,1,rh_rostralmiddlefrontal,3,28,0.10714285714285714,0.015160858555927189,31.464285714285715
TP,1,rh_superiorfrontal,3,28,0.10714285714285714,0.01355572675029668,36.285714285714285
TP,1,rh_superiorparietal,7,28,0.25,0.016913970773429488,32.214285714285715
TP,1,rh_superiortemporal,3,28,0.10714285714285714,0.012744965503612768,36.964285714285715
TP,1,rh_supramarginal,5,28,0.17857142857142858,0.014362043702639906,32.32142857142857
TP,1,rh_temporalpole,3,28,0.10714285714285714,0.013747412985091622,36.892857142857146
TP,1,rh_transversetemporal,11,28,0.39285714285714285,0.020081818665080037,20.928571428571427
TP,2,lh_bankssts,2,26,0.07692307692307693,0.012991583562310886,33.76923076923077
TP,2,lh_caudalanteriorcingulate,3,26,0.11538461538461539,0.012741823297275414,42.84615384615385
TP,2,lh_caudalmiddlefrontal,1,26,0.038461538461538464,0.012337460195987637,34.61538461538461
TP,2,lh_cuneus,8,26,0.3076923076923077,0.017110476128439005,35.5
TP,2,lh_entorhinal,6,26,0.23076923076923078,0.016324915346636423,31.26923076923077
TP,2,lh_frontalpole,1,26,0.038461538461538464,0.011750975432573299,40.46153846153846
TP,2,lh_fusiform,8,26,0.3076923076923077,0.019694232409378846,21.846153846153847
TP,2,lh_inferiorparietal,3,26,0.11538461538461539,0.014491447308797062,35.92307692307692
TP,2,lh_inferiortemporal,7,26,0.2692307692307692,0.015261465860384084,38.19230769230769
TP,2,lh_insula,2,26,0.07692307692307693,0.013370581823397419,35.57692307692308
TP,2,lh_isthmuscingulate,4,26,0.15384615384615385,0.014997702176705067,33.34615384615385
TP,2,lh_lateraloccipital,5,26,0.19230769230769232,0.01549123258183154,33.73076923076923
TP,2,lh_lateralorbitofrontal,8,26,0.3076923076923077,0.016987637590818137,36.11538461538461
TP,2,lh_lingual,4,26,0.15384615384615385,0.01370692790385205,35.19230769230769
TP,2,lh_medialorbitofrontal,6,26,0.23076923076923078,0.017144239767040596,26.5
TP,2,lh_middletemporal,6,26,0.23076923076923078,0.014945824333110177,33.07692307692308
TP,2,lh_paracentral,2,26,0.07692307692307693,0.015125852909447839,30.0
TP,2,lh_parahippocampal,2,26,0.07692307692307693,0.012586302248463984,41.30769230769231
TP,2,lh_parsopercularis,4,26,0.15384615384615385,0.017451720336531324,29.0
TP,2,lh_parsorbitalis,4,26,0.15384615384615385,0.014283709380580333,39.57692307692308
TP,2,lh_parstriangularis,1,26,0.038461538461538464,0.012535792666673847,37.19230769230769
TP,2,lh_pericalcarine,5,26,0.19230769230769232,0.016724055336174305,32.92307692307692
TP,2,lh_postcentral,3,26,0.11538461538461539,0.012622461501920352,39.88461538461539
TP,2,lh_posteriorcingulate,2,26,0.07692307692307693,0.011948457421590461,40.65384615384615
TP,2,lh_precentral,3,26,0.11538461538461539,0.015335810986802869,32.42307692307692
TP,2,lh_precuneus,4,26,0.15384615384615385,0.01462268856216095,37.38461538461539
TP,2,lh_rostralanteriorcingulate,5,26,0.19230769230769232,0.013903345113915317,39.42307692307692
TP,2,lh_rostralmiddlefrontal,3,26,0.11538461538461539,0.013508527887576737,38.92307692307692
TP,2,lh_superiorfrontal,2,26,0.07692307692307693,0.012752162778614127,36.5
TP,2,lh_superiorparietal,2,26,0.07692307692307693,0.013478648338556802,35.42307692307692
TP,2,lh_superiortemporal,3,26,0.11538461538461539,0.012819004769066738,38.57692307692308
TP,2,lh_supramarginal,2,26,0.07692307692307693,0.01465517141874766,32.80769230769231
TP,2,lh_temporalpole,6,26,0.23076923076923078,0.015840055321335884,28.46153846153846
TP,2,lh_transversetemporal,8,26,0.3076923076923077,0.019037914007604285,29.5
TP,2,rh_bankssts,2,26,0.07692307692307693,0.012622899779170284,37.96153846153846
TP,2,rh_caudalanteriorcingulate,2,26,0.07692307692307693,0.012380999238412429,38.53846153846154
TP,2,rh_caudalmiddlefrontal,5,26,0.19230769230769232,0.014535989383578873,33.88461538461539
TP,2,rh_cuneus,2,26,0.07692307692307693,0.012526109257610354,36.92307692307692
TP,2,rh_entorhinal,5,26,0.19230769230769232,0.016332327357197925,30.346153846153847
TP,2,rh_frontalpole,1,26,0.038461538461538464,0.014159860436941283,34.38461538461539
TP,2,rh_fusiform,6,26,0.23076923076923078,0.019829046591973452,23.76923076923077
TP,2,rh_inferiorparietal,5,26,0.19230769230769232,0.015710099006016994,31.615384615384617
TP,2,rh_inferiortemporal,5,26,0.19230769230769232,0.014645153037108914,30.653846153846153
TP,2,rh_insula,6,26,0.23076923076923078,0.01662378915731363,34.38461538461539
TP,2,rh_isthmuscingulate,0,26,0.0,0.011094135041654279,41.61538461538461
TP,2,rh_lateraloccipital,1,26,0.038461538461538464,0.013287931649572707,35.96153846153846
TP,2,rh_lateralorbitofrontal,5,26,0.19230769230769232,0.014643735651006287,38.88461538461539
TP,2,rh_lingual,5,26,0.19230769230769232,0.016175415081814058,32.0
TP,2,rh_medialorbitofrontal,7,26,0.2692307692307692,0.01636306790722858,30.23076923076923
TP,2,rh_middletemporal,3,26,0.11538461538461539,0.015796756617342037,30.615384615384617
TP,2,rh_paracentral,4,26,0.15384615384615385,0.014392424356406995,33.30769230769231
TP,2,rh_parahippocampal,2,26,0.07692307692307693,0.013062078862455254,37.30769230769231
TP,2,rh_parsopercularis,5,26,0.19230769230769232,0.01653198361846716,32.34615384615385
TP,2,rh_parsorbitalis,2,26,0.07692307692307693,0.012553261948791571,38.80769230769231
TP,2,rh_parstriangularis,2,26,0.07692307692307693,0.012656692809170388,37.88461538461539
TP,2,rh_pericalcarine,5,26,0.19230769230769232,0.01477311706826795,33.11538461538461
TP,2,rh_postcentral,3,26,0.11538461538461539,0.014832322929740032,32.53846153846154
TP,2,rh_posteriorcingulate,1,26,0.038461538461538464,0.011076225273046554,43.11538461538461
TP,2,rh_precentral,2,26,0.07692307692307693,0.013541349521538999,36.30769230769231
TP,2,rh_precuneus,5,26,0.19230769230769232,0.015436084600303074,34.84615384615385
TP,2,rh_rostralanteriorcingulate,5,26,0.19230769230769232,0.016952167837947157,31.384615384615383
TP,2,rh_rostralmiddlefrontal,1,26,0.038461538461538464,0.012500843185285411,37.42307692307692
TP,2,rh_superiorfrontal,3,26,0.11538461538461539,0.013594552957527019,35.57692307692308
TP,2,rh_superiorparietal,5,26,0.19230769230769232,0.016750051659464606,30.653846153846153
TP,2,rh_superiortemporal,4,26,0.15384615384615385,0.014601736774880374,35.88461538461539
TP,2,rh_supramarginal,4,26,0.15384615384615385,0.015775877108037743,30.96153846153846
TP,2,rh_temporalpole,3,26,0.11538461538461539,0.013705325871063842,36.92307692307692
TP,2,rh_transversetemporal,9,26,0.34615384615384615,0.021956381719362324,17.923076923076923
TN,0,lh_bankssts,11,93,0.11827956989247312,0.014795061644665562,32.73118279569893
TN,0,lh_caudalanteriorcingulate,15,93,0.16129032258064516,0.014275175132289888,30.827956989247312
TN,0,lh_caudalmiddlefrontal,14,93,0.15053763440860216,0.014208368727768685,35.54838709677419
TN,0,lh_cuneus,13,93,0.13978494623655913,0.014879515041346901,32.913978494623656
TN,0,lh_entorhinal,8,93,0.08602150537634409,0.013551317377315847,39.27956989247312
TN,0,lh_frontalpole,11,93,0.11827956989247312,0.014296841854807295,35.59139784946237
TN,0,lh_fusiform,39,93,0.41935483870967744,0.018467583896977013,22.602150537634408
TN,0,lh_inferiorparietal,11,93,0.11827956989247312,0.014288153896299168,36.10752688172043
TN,0,lh_inferiortemporal,19,93,0.20430107526881722,0.015911507735297568,33.82795698924731
TN,0,lh_insula,14,93,0.15053763440860216,0.014975345116852794,33.11827956989247
TN,0,lh_isthmuscingulate,13,93,0.13978494623655913,0.014251475454187075,37.10752688172043
TN,0,lh_lateraloccipital,8,93,0.08602150537634409,0.014040807567125054,38.075268817204304
TN,0,lh_lateralorbitofrontal,23,93,0.24731182795698925,0.01651284630349802,32.17204301075269
TN,0,lh_lingual,15,93,0.16129032258064516,0.014692593589160413,37.935483870967744
TN,0,lh_medialorbitofrontal,24,93,0.25806451612903225,0.01587285823466982,32.38709677419355
TN,0,lh_middletemporal,10,93,0.10752688172043011,0.014061496138679883,35.225806451612904
TN,0,lh_paracentral,5,93,0.053763440860215055,0.013492010789692175,38.41935483870968
TN,0,lh_parahippocampal,16,93,0.17204301075268819,0.016341482498282406,33.215053763440864
TN,0,lh_parsopercularis,29,93,0.3118279569892473,0.017417925104229907,27.806451612903224
TN,0,lh_parsorbitalis,10,93,0.10752688172043011,0.0139405822326442,34.913978494623656
TN,0,lh_parstriangularis,10,93,0.10752688172043011,0.014186149549923095,34.26881720430107
TN,0,lh_pericalcarine,7,93,0.07526881720430108,0.013682036305173874,36.74193548387097
TN,0,lh_postcentral,6,93,0.06451612903225806,0.012884155581165083,43.03225806451613
TN,0,lh_posteriorcingulate,11,93,0.11827956989247312,0.014331843878867755,35.25806451612903
TN,0,lh_precentral,7,93,0.07526881720430108,0.014070809913829705,37.59139784946237
TN,0,lh_precuneus,8,93,0.08602150537634409,0.013837785280724487,34.053763440860216
TN,0,lh_rostralanteriorcingulate,20,93,0.21505376344086022,0.0163093897144588,29.580645161290324
TN,0,lh_rostralmiddlefrontal,5,93,0.053763440860215055,0.013612709930523397,33.204301075268816
TN,0,lh_superiorfrontal,13,93,0.13978494623655913,0.014147181943064144,37.87096774193548
TN,0,lh_superiorparietal,7,93,0.07526881720430108,0.013291129623697712,38.473118279569896
TN,0,lh_superiortemporal,7,93,0.07526881720430108,0.013553020392078811,37.774193548387096
TN,0,lh_supramarginal,7,93,0.07526881720430108,0.013557495366181834,36.13978494623656
TN,0,lh_temporalpole,12,93,0.12903225806451613,0.01441445043822882,35.075268817204304
TN,0,lh_transversetemporal,30,93,0.3225806451612903,0.017327453808942406,24.817204301075268
TN,0,rh_bankssts,18,93,0.1935483870967742,0.015247490318804187,30.881720430107528
TN,0,rh_caudalanteriorcingulate,11,93,0.11827956989247312,0.01476479087655801,33.29032258064516
TN,0,rh_caudalmiddlefrontal,14,93,0.15053763440860216,0.014841023454817259,35.41935483870968
TN,0,rh_cuneus,17,93,0.1827956989247312,0.015328897323546328,31.741935483870968
TN,0,rh_entorhinal,12,93,0.12903225806451613,0.015002050098564894,35.903225806451616
TN,0,rh_frontalpole,12,93,0.12903225806451613,0.014454803477213096,34.26881720430107
TN,0,rh_fusiform,42,93,0.45161290322580644,0.019599995989310025,23.655913978494624
TN,0,rh_inferiorparietal,9,93,0.0967741935483871,0.014248271571661121,37.69892473118279
TN,0,rh_inferiortemporal,12,93,0.12903225806451613,0.014707168135828905,34.10752688172043
TN,0,rh_insula,12,93,0.12903225806451613,0.014717652520421341,34.483870967741936
TN,0,rh_isthmuscingulate,10,93,0.10752688172043011,0.014442069259102594,34.365591397849464
TN,0,rh_lateraloccipital,12,93,0.12903225806451613,0.014180455559090322,36.39784946236559
TN,0,rh_lateralorbitofrontal,20,93,0.21505376344086022,0.015382433230144744,33.43010752688172
TN,0,rh_lingual,10,93,0.10752688172043011,0.01376130054989897,36.45161290322581
TN,0,rh_medialorbitofrontal,17,93,0.1827956989247312,0.014967806132774718,32.13978494623656
TN,0,rh_middletemporal,10,93,0.10752688172043011,0.014061489987898497,35.86021505376344
TN,0,rh_paracentral,8,93,0.08602150537634409,0.013850080326915626,38.81720430107527
TN,0,rh_parahippocampal,9,93,0.0967741935483871,0.01406266570467652,37.344086021505376
TN,0,rh_parsopercularis,15,93,0.16129032258064516,0.014683780009577672,37.043010752688176
TN,0,rh_parsorbitalis,15,93,0.16129032258064516,0.014449434816501355,35.96774193548387
TN,0,rh_parstriangularis,16,93,0.17204301075268819,0.015074411779489287,30.43010752688172
TN,0,rh_pericalcarine,6,93,0.06451612903225806,0.013347928776133352,37.215053763440864
TN,0,rh_postcentral,7,93,0.07526881720430108,0.013727926266832929,38.645161290322584
TN,0,rh_posteriorcingulate,16,93,0.17204301075268819,0.015382334706755294,32.89247311827957
TN,0,rh_precentral,6,93,0.06451612903225806,0.013665373790028055,38.956989247311824
TN,0,rh_precuneus,8,93,0.08602150537634409,0.014195870049530986,36.526881720430104
TN,0,rh_rostralanteriorcingulate,18,93,0.1935483870967742,0.014498848237953292,33.70967741935484
TN,0,rh_rostralmiddlefrontal,10,93,0.10752688172043011,0.01374656791912106,34.8494623655914
TN,0,rh_superiorfrontal,7,93,0.07526881720430108,0.013187572957688232,38.13978494623656
TN,0,rh_superiorparietal,7,93,0.07526881720430108,0.013474904235418373,38.31182795698925
TN,0,rh_superiortemporal,12,93,0.12903225806451613,0.014265322426845164,37.01075268817204
TN,0,rh_supramarginal,26,93,0.27956989247311825,0.01607332600782284,30.731182795698924
TN,0,rh_temporalpole,16,93,0.17204301075268819,0.015326491076353227,30.612903225806452
TN,0,rh_transversetemporal,32,93,0.34408602150537637,0.01780090236407214,25.010752688172044
TN,1,lh_bankssts,12,92,0.13043478260869565,0.0142853560620132,34.22826086956522
TN,1,lh_caudalanteriorcingulate,15,92,0.16304347826086957,0.016153171316991167,32.41304347826087
TN,1,lh_caudalmiddlefrontal,10,92,0.10869565217391304,0.014716859379959367,37.41304347826087
TN,1,lh_cuneus,19,92,0.20652173913043478,0.014843277840463028,31.902173913043477
TN,1,lh_entorhinal,15,92,0.16304347826086957,0.014796920670379743,35.56521739130435
TN,1,lh_frontalpole,16,92,0.17391304347826086,0.014513029304545988,33.619565217391305
TN,1,lh_fusiform,39,92,0.42391304347826086,0.01830278843289757,23.08695652173913
TN,1,lh_inferiorparietal,8,92,0.08695652173913043,0.013871878728596675,37.17391304347826
TN,1,lh_inferiortemporal,14,92,0.15217391304347827,0.01482503133924461,34.76086956521739
TN,1,lh_insula,8,92,0.08695652173913043,0.01415224282831779,33.52173913043478
TN,1,lh_isthmuscingulate,9,92,0.09782608695652174,0.013890448341411423,34.20652173913044
TN,1,lh_lateraloccipital,10,92,0.10869565217391304,0.013576214808048803,40.18478260869565
TN,1,lh_lateralorbitofrontal,21,92,0.22826086956521738,0.0157427477495949,30.891304347826086
TN,1,lh_lingual,6,92,0.06521739130434782,0.01346324584947167,39.619565217391305
TN,1,lh_medialorbitofrontal,21,92,0.22826086956521738,0.015121452331298661,32.130434782608695
TN,1,lh_middletemporal,8,92,0.08695652173913043,0.013341662034842253,38.391304347826086
TN,1,lh_paracentral,7,92,0.07608695652173914,0.01412398030186499,36.46739130434783
TN,1,lh_parahippocampal,18,92,0.1956521739130435,0.01576721222511543,33.82608695652174
TN,1,lh_parsopercularis,23,92,0.25,0.017467233390745126,29.934782608695652
TN,1,lh_parsorbitalis,12,92,0.13043478260869565,0.013873223903732197,36.06521739130435
TN,1,lh_parstriangularis,19,92,0.20652173913043478,0.014609520984073043,36.09782608695652
TN,1,lh_pericalcarine,9,92,0.09782608695652174,0.014468908884635479,34.380434782608695
TN,1,lh_postcentral,9,92,0.09782608695652174,0.014396191777843582,38.06521739130435
TN,1,lh_posteriorcingulate,5,92,0.05434782608695652,0.013677809271200086,36.18478260869565
TN,1,lh_precentral,8,92,0.08695652173913043,0.01405352618581891,35.94565217391305
TN,1,lh_precuneus,9,92,0.09782608695652174,0.014121612395953676,33.46739130434783
TN,1,lh_rostralanteriorcingulate,22,92,0.2391304347826087,0.016142327155053253,27.869565217391305
TN,1,lh_rostralmiddlefrontal,6,92,0.06521739130434782,0.013209966216471214,36.56521739130435
TN,1,lh_superiorfrontal,8,92,0.08695652173913043,0.013892113014941804,36.43478260869565
TN,1,lh_superiorparietal,12,92,0.13043478260869565,0.014458186091124736,37.09782608695652
TN,1,lh_superiortemporal,14,92,0.15217391304347827,0.014460535637271734,34.619565217391305
TN,1,lh_supramarginal,9,92,0.09782608695652174,0.014346842385532755,36.641304347826086
TN,1,lh_temporalpole,12,92,0.13043478260869565,0.014856557489140153,32.48913043478261
TN,1,lh_transversetemporal,32,92,0.34782608695652173,0.01721371897351489,25.880434782608695
TN,1,rh_bankssts,4,92,0.043478260869565216,0.013380764355021531,39.08695652173913
TN,1,rh_caudalanteriorcingulate,19,92,0.20652173913043478,0.015987244343114125,33.25
TN,1,rh_caudalmiddlefrontal,13,92,0.14130434782608695,0.015710278068703395,33.34782608695652
TN,1,rh_cuneus,16,92,0.17391304347826086,0.014744289672070804,32.05434782608695
TN,1,rh_entorhinal,16,92,0.17391304347826086,0.015478938154065203,31.77173913043478
TN,1,rh_frontalpole,14,92,0.15217391304347827,0.014839983895781271,33.358695652173914
TN,1,rh_fusiform,37,92,0.40217391304347827,0.017191218672957226,25.92391304347826
TN,1,rh_inferiorparietal,12,92,0.13043478260869565,0.014735872275113564,35.358695652173914
TN,1,rh_inferiortemporal,15,92,0.16304347826086957,0.014671865762579832,34.380434782608695
TN,1,rh_insula,16,92,0.17391304347826086,0.014238425555842347,34.57608695652174
TN,1,rh_isthmuscingulate,8,92,0.08695652173913043,0.014231980332421783,33.46739130434783
TN,1,rh_lateraloccipital,10,92,0.10869565217391304,0.014413346024742344,38.16304347826087
TN,1,rh_lateralorbitofrontal,21,92,0.22826086956521738,0.015673678058215127,31.82608695652174
TN,1,rh_lingual,10,92,0.10869565217391304,0.013471342216280258,39.01086956521739
TN,1,rh_medialorbitofrontal,18,92,0.1956521739130435,0.01515807046437054,34.46739130434783
TN,1,rh_middletemporal,13,92,0.14130434782608695,0.01396591808669131,34.76086956521739
TN,1,rh_paracentral,10,92,0.10869565217391304,0.014348532585927488,40.43478260869565
TN,1,rh_parahippocampal,12,92,0.13043478260869565,0.014440772919308547,36.82608695652174
TN,1,rh_parsopercularis,17,92,0.18478260869565216,0.014651290086268212,34.20652173913044
TN,1,rh_parsorbitalis,11,92,0.11956521739130435,0.014696770917714078,38.09782608695652
TN,1,rh_parstriangularis,14,92,0.15217391304347827,0.014630746389362861,29.793478260869566
TN,1,rh_pericalcarine,12,92,0.13043478260869565,0.014385538064135955,35.380434782608695
TN,1,rh_postcentral,8,92,0.08695652173913043,0.014278908894034525,37.68478260869565
TN,1,rh_posteriorcingulate,15,92,0.16304347826086957,0.015186977894307507,33.94565217391305
TN,1,rh_precentral,7,92,0.07608695652173914,0.014146022830359057,37.18478260869565
TN,1,rh_precuneus,7,92,0.07608695652173914,0.013726460096534904,35.18478260869565
TN,1,rh_rostralanteriorcingulate,9,92,0.09782608695652174,0.01435284602170621,31.48913043478261
TN,1,rh_rostralmiddlefrontal,9,92,0.09782608695652174,0.013306904189149753,35.15217391304348
TN,1,rh_superiorfrontal,7,92,0.07608695652173914,0.014193681375818574,37.09782608695652
TN,1,rh_superiorparietal,7,92,0.07608695652173914,0.013692022497035107,38.54347826086956
TN,1,rh_superiortemporal,12,92,0.13043478260869565,0.01451128552018102,34.65217391304348
TN,1,rh_supramarginal,15,92,0.16304347826086957,0.014450832918834521,35.30434782608695
TN,1,rh_temporalpole,10,92,0.10869565217391304,0.01452780584620882,36.80434782608695
TN,1,rh_transversetemporal,31,92,0.33695652173913043,0.017843591713032292,26.27173913043478
TN,2,lh_bankssts,9,94,0.09574468085106383,0.014220570042160197,33.56382978723404
TN,2,lh_caudalanteriorcingulate,14,94,0.14893617021276595,0.015028614223848668,32.329787234042556
TN,2,lh_caudalmiddlefrontal,14,94,0.14893617021276595,0.01520983444461693,32.92553191489362
TN,2,lh_cuneus,17,94,0.18085106382978725,0.015205249845999984,32.87234042553192
TN,2,lh_entorhinal,12,94,0.1276595744680851,0.014103937069866906,37.840425531914896
TN,2,lh_frontalpole,9,94,0.09574468085106383,0.014331318690889012,35.755319148936174
TN,2,lh_fusiform,34,94,0.3617021276595745,0.017133649834302496,26.54255319148936
TN,2,lh_inferiorparietal,7,94,0.07446808510638298,0.013803002375895504,38.712765957446805
TN,2,lh_inferiortemporal,13,94,0.13829787234042554,0.014496001594856403,37.234042553191486
TN,2,lh_insula,15,94,0.1595744680851064,0.015117522948990382,32.351063829787236
TN,2,lh_isthmuscingulate,7,94,0.07446808510638298,0.014096987881555044,39.361702127659576
TN,2,lh_lateraloccipital,11,94,0.11702127659574468,0.014733364161227934,35.340425531914896
TN,2,lh_lateralorbitofrontal,20,94,0.2127659574468085,0.0156925394305477,29.96808510638298
TN,2,lh_lingual,14,94,0.14893617021276595,0.014492615688615882,36.180851063829785
TN,2,lh_medialorbitofrontal,17,94,0.18085106382978725,0.015356123462799093,31.76595744680851
TN,2,lh_middletemporal,16,94,0.1702127659574468,0.013975186071030302,38.202127659574465
TN,2,lh_paracentral,12,94,0.1276595744680851,0.014502531493038475,35.744680851063826
TN,2,lh_parahippocampal,20,94,0.2127659574468085,0.015431833213542743,30.9468085106383
TN,2,lh_parsopercularis,17,94,0.18085106382978725,0.015850562421960333,31.0531914893617
TN,2,lh_parsorbitalis,9,94,0.09574468085106383,0.014175802241086794,35.58510638297872
TN,2,lh_parstriangularis,17,94,0.18085106382978725,0.014745488217477325,33.180851063829785
TN,2,lh_pericalcarine,7,94,0.07446808510638298,0.013951027233737657,36.98936170212766
TN,2,lh_postcentral,8,94,0.0851063829787234,0.014045588722049366,36.329787234042556
TN,2,lh_posteriorcingulate,16,94,0.1702127659574468,0.015192042119333069,33.670212765957444
TN,2,lh_precentral,10,94,0.10638297872340426,0.014331378242244947,34.638297872340424
TN,2,lh_precuneus,14,94,0.14893617021276595,0.014353785737164554,36.53191489361702
TN,2,lh_rostralanteriorcingulate,20,94,0.2127659574468085,0.015235038889561948,31.20212765957447
TN,2,lh_rostralmiddlefrontal,9,94,0.09574468085106383,0.014032588301636893,33.56382978723404
TN,2,lh_superiorfrontal,12,94,0.1276595744680851,0.014154942825606209,32.351063829787236
TN,2,lh_superiorparietal,9,94,0.09574468085106383,0.014408662234794168,36.797872340425535
TN,2,lh_superiortemporal,11,94,0.11702127659574468,0.014050574477047497,37.5
TN,2,lh_supramarginal,13,94,0.13829787234042554,0.014603537237887354,34.680851063829785
TN,2,lh_temporalpole,13,94,0.13829787234042554,0.014449896020515855,35.0531914893617
TN,2,lh_transversetemporal,29,94,0.30851063829787234,0.016306355777732207,28.127659574468087
TN,2,rh_bankssts,17,94,0.18085106382978725,0.01569159737818802,32.244680851063826
TN,2,rh_caudalanteriorcingulate,11,94,0.11702127659574468,0.014894625234203047,35.776595744680854
TN,2,rh_caudalmiddlefrontal,10,94,0.10638297872340426,0.014668365109209153,33.11702127659574
TN,2,rh_cuneus,14,94,0.14893617021276595,0.01463114334046415,35.42553191489362
TN,2,rh_entorhinal,13,94,0.13829787234042554,0.014938297561059506,35.829787234042556
TN,2,rh_frontalpole,14,94,0.14893617021276595,0.01461698874335488,33.38297872340426
TN,2,rh_fusiform,37,94,0.39361702127659576,0.017858595387642187,25.393617021276597
TN,2,rh_inferiorparietal,15,94,0.1595744680851064,0.014238450381777233,34.319148936170215
TN,2,rh_inferiortemporal,10,94,0.10638297872340426,0.014139741960802085,41.91489361702128
TN,2,rh_insula,13,94,0.13829787234042554,0.01468351227664474,34.659574468085104
TN,2,rh_isthmuscingulate,10,94,0.10638297872340426,0.013816006389355867,37.287234042553195
TN,2,rh_lateraloccipital,14,94,0.14893617021276595,0.014587349333834505,35.765957446808514
TN,2,rh_lateralorbitofrontal,20,94,0.2127659574468085,0.015613013095880666,35.138297872340424
TN,2,rh_lingual,6,94,0.06382978723404255,0.014145935275568665,38.297872340425535
TN,2,rh_medialorbitofrontal,17,94,0.18085106382978725,0.01494309068423461,36.5
TN,2,rh_middletemporal,13,94,0.13829787234042554,0.014264149502537031,36.234042553191486
TN,2,rh_paracentral,10,94,0.10638297872340426,0.01414958269760474,35.234042553191486
TN,2,rh_parahippocampal,17,94,0.18085106382978725,0.01499501307025597,32.42553191489362
TN,2,rh_parsopercularis,17,94,0.18085106382978725,0.014849022612552146,34.51063829787234
TN,2,rh_parsorbitalis,10,94,0.10638297872340426,0.014170445157189016,35.851063829787236
TN,2,rh_parstriangularis,22,94,0.23404255319148937,0.016013598846485046,29.97872340425532
TN,2,rh_pericalcarine,8,94,0.0851063829787234,0.014440004075250432,35.776595744680854
TN,2,rh_postcentral,10,94,0.10638297872340426,0.013901716672142355,37.191489361702125
TN,2,rh_posteriorcingulate,17,94,0.18085106382978725,0.014657983111518617,33.52127659574468
TN,2,rh_precentral,11,94,0.11702127659574468,0.014230129572261748,35.87234042553192
TN,2,rh_precuneus,6,94,0.06382978723404255,0.013783454382136283,37.734042553191486
TN,2,rh_rostralanteriorcingulate,15,94,0.1595744680851064,0.014120886083067085,32.4468085106383
TN,2,rh_rostralmiddlefrontal,14,94,0.14893617021276595,0.014566724267085508,30.4468085106383
TN,2,rh_superiorfrontal,6,94,0.06382978723404255,0.013513250614222004,35.11702127659574
TN,2,rh_superiorparietal,9,94,0.09574468085106383,0.013957754088635083,37.61702127659574
TN,2,rh_superiortemporal,11,94,0.11702127659574468,0.014308945561041205,34.04255319148936
TN,2,rh_supramarginal,13,94,0.13829787234042554,0.014430154778490946,36.6063829787234
TN,2,rh_temporalpole,11,94,0.11702127659574468,0.014440564731854007,37.861702127659576
TN,2,rh_transversetemporal,24,94,0.2553191489361702,0.016921754849831633,27.585106382978722
