,lh_bankssts,lh_caudalanteriorcingulate,lh_caudalmiddlefrontal,lh_cuneus,lh_entorhinal,lh_fusiform,lh_inferiorparietal,lh_inferiortemporal,lh_isthmuscingulate,lh_lateraloccipital,lh_lateralorbitofrontal,lh_lingual,lh_medialorbitofrontal,lh_middletemporal,lh_parahippocampal,lh_paracentral,lh_parsopercularis,lh_parsorbitalis,lh_parstriangularis,lh_pericalcarine,lh_postcentral,lh_posteriorcingulate,lh_precentral,lh_precuneus,lh_rostralanteriorcingulate,lh_rostralmiddlefrontal,lh_superiorfrontal,lh_superiorparietal,lh_superiortemporal,lh_supramarginal,lh_frontalpole,lh_temporalpole,lh_transversetemporal,lh_insula,rh_bankssts,rh_caudalanteriorcingulate,rh_caudalmiddlefrontal,rh_cuneus,rh_entorhinal,rh_fusiform,rh_inferiorparietal,rh_inferiortemporal,rh_isthmuscingulate,rh_lateraloccipital,rh_lateralorbitofrontal,rh_lingual,rh_medialorbitofrontal,rh_middletemporal,rh_parahippocampal,rh_paracentral,rh_parsopercularis,rh_parsorbitalis,rh_parstriangularis,rh_pericalcarine,rh_postcentral,rh_posteriorcingulate,rh_precentral,rh_precuneus,rh_rostralanteriorcingulate,rh_rostralmiddlefrontal,rh_superiorfrontal,rh_superiorparietal,rh_superiortemporal,rh_supramarginal,rh_frontalpole,rh_temporalpole,rh_transversetemporal,rh_insula
lh_bankssts,0.0,0.11404484700697758,0.20083061760570428,0.09966852897410489,0.0881663822148126,0.25070038573788767,0.22544881699776773,0.15600095395950728,0.13643674780719936,0.1291695266273584,0.16962779541073497,0.16821461960857867,0.116144129315321,0.1767479356318382,0.15750059738140415,0.1683733827549411,0.146720134446153,0.09281692740580143,0.1492927103422969,0.1111291216137016,0.14316704800105678,0.151680692028091,0.1899787259180987,0.23966908247737254,0.13600191905154832,0.21146081328457325,0.18033543780665126,0.22102697694459195,0.21254045353316484,0.2295100865569581,0.06076227668330311,0.07089605942182939,0.12863830660937653,0.10734758657123855,0.20301836389055197,0.1143549385908859,0.18903860815295345,0.09897658720118095,0.07738136148732355,0.20034044116907151,0.25140720489369406,0.1653509035514677,0.1356054862072266,0.16099151249097496,0.1820201002518548,0.13709061420286853,0.15438134461690098,0.1984989580977378,0.18675328947424752,0.15368171249925258,0.16501097698986317,0.09718990251450291,0.15011594660319713,0.1079093230232739,0.1472676555589002,0.1544253264187077,0.18794824877170974,0.21552630536322054,0.14445821410435714,0.2205351052915627,0.19369953758985206,0.20232887964225582,0.18541140700762046,0.17984784619028518,0.06849440652938878,0.06040029753145638,0.1090748668516512,0.1261339934532878
lh_caudalanteriorcingulate,0.11404484700697758,0.0,0.12179263057323654,0.09482567988893256,0.09407548983381572,0.16717887805105078,0.1232203993258897,0.13260492660281725,0.17763721501983612,0.10843191130943804,0.1383077399270102,0.11618565002488992,0.14138476956577278,0.1347282237619662,0.1220881865902479,0.10912359233795511,0.12238310416944326,0.08484480207278464,0.10480946823284804,0.10943538469798486,0.11113636477327199,0.2153836902043488,0.12344644055411484,0.14094619172419032,0.21365976048353216,0.15530165946523994,0.1326435395376275,0.11559957727238541,0.11801467419200486,0.12663961162368975,0.05858747954607233,0.06994865029227089,0.10537752220641815,0.09271525406196507,0.10645221319106736,0.21967381346796186,0.11281690919204954,0.0958609132286312,0.07563275129102696,0.1728598024300274,0.13682576203827557,0.14683669343072822,0.1711942390922229,0.12769460624402562,0.16977988166765656,0.11849595065204208,0.12230591870223613,0.13244720065623816,0.12856296427953526,0.10265834555616765,0.11486078288299734,0.08935376360824768,0.10603538541416335,0.1043068552624396,0.1154151940977291,0.2247591101497174,0.11676768055134282,0.13250215405213667,0.21237988912670724,0.15304908147858412,0.15145993497514693,0.1247303062781995,0.11102023988339113,0.11396910620149922,0.06307825899650907,0.06167598046978698,0.0992700802202271,0.10933063669438281
lh_caudalmiddlefrontal,0.20083061760570428,0.12179263057323654,0.0,0.117108215457954,0.12734085134539141,0.210193466381668,0.30770420485436484,0.1881579919255256,0.1613341591547448,0.14290323954562723,0.24710900766556362,0.18138636107768205,0.14453375286987818,0.20479641786503347,0.158141120056945,0.19613931565991835,0.2340643665535722,0.13413716016627925,0.21628284345338122,0.11286159128857744,0.15988174902380772,0.1497078059528623,0.25836415481905733,0.2595476174800121,0.13972807492547898,0.24895213043616377,0.2815414637873928,0.28464442738412193,0.24107704186328308,0.28980937114588023,0.08143175418935308,0.08626165218905225,0.12066865652883385,0.14344176679052661,0.2456768483397116,0.1207498295485984,0.3207444895352062,0.1266749630421631,0.11219535444061894,0.18752503335092618,0.34114334575251964,0.2027124857954234,0.15974031262960714,0.18985315963399652,0.23137055080566535,0.17437795009720158,0.1797550949692368,0.2455202437902261,0.17376054972366284,0.20841620722675686,0.2554455672996899,0.13164132104690596,0.20144672010796186,0.10982137191783832,0.18790198508443298,0.162752179141515,0.26754548110917786,0.252761358042611,0.14408341489369508,0.22258288965594852,0.2799079747655623,0.2791386183378685,0.24149297851496782,0.2682038988020415,0.08956945178726984,0.07596628353509727,0.11234465271697348,0.14971971706251266
lh_cuneus,0.09966852897410489,0.09482567988893256,0.117108215457954,0.0,0.12749860449791856,0.12060063509699646,0.14916957615643994,0.18834731151299197,0.1421217552822504,0.3303259520852146,0.14878090550705053,0.273861541804355,0.17416866917933402,0.15344982010700087,0.14409656326893142,0.16228621542024635,0.13811528403843099,0.1748073128507198,0.15626495872050977,0.1591472369168562,0.25000027787616114,0.09441851637580845,0.17817668301323822,0.15639090242744524,0.11238721574575442,0.16573918713082797,0.13863941235906693,0.19977247948922439,0.13240572027086556,0.1534936147604724,0.10605358299432206,0.1063078965677359,0.11218253825112809,0.06938321947251334,0.08941215253662939,0.10902746799547292,0.13312141541674766,0.3456235281323771,0.1621018414423513,0.1341843612680273,0.14970575620308707,0.1929766959808317,0.14794319750015186,0.2843367753023662,0.14813396098066992,0.24426145216288558,0.17447493180351814,0.14785797480521873,0.14497426896505908,0.1742460193638302,0.13238490486559937,0.21116139848533472,0.16548241345624773,0.16092188537402696,0.23888539330191633,0.09068035908662846,0.16560819007015942,0.17943619985685563,0.10082467235587868,0.18245072279521374,0.15576115666527895,0.2059074942506726,0.14392664712554562,0.1482888603596065,0.1125840040126833,0.07735239247280977,0.10065461142859194,0.07760630966941587
lh_entorhinal,0.0881663822148126,0.09407548983381572,0.12734085134539141,0.12749860449791856,0.0,0.11510296986100266,0.13234796848143562,0.18696769778425623,0.13075226216686123,0.12238885436515111,0.16297072686765787,0.12907495786030293,0.1757750199070528,0.17236765285067374,0.14464724644385335,0.13229661381848276,0.13446964215272839,0.1745768751454881,0.12895036463258897,0.07478963994018144,0.13254763837000547,0.09071826966842482,0.14233378821827986,0.14603312994419804,0.11463113113170216,0.1602708038429473,0.18630340299489223,0.13829314319413927,0.13189197255058413,0.12982414990409002,0.11818807969690064,0.178055997734357,0.06749654595158656,0.07814218275595082,0.0865987253804531,0.08544793522280852,0.14369191450060664,0.14599450707156233,0.18345684323272213,0.11986040520774827,0.1524925631713996,0.17924964973645924,0.13974883446931272,0.16712165684010324,0.1522846437920521,0.12840387879448617,0.17672699113865206,0.17045220953257073,0.13852170488612775,0.11860927236903282,0.14347472936933972,0.14457589392278336,0.14170993566081838,0.07505370636876552,0.15388019873209405,0.09621383273485472,0.15473882798527533,0.1418276244775043,0.10704386311480195,0.1456296004578326,0.1780464936117642,0.16222431473333768,0.1541175059499656,0.14781494804253525,0.11970327084063452,0.13817022191251788,0.06810864109926672,0.07992087611094402
lh_fusiform,0.25070038573788767,0.16717887805105078,0.210193466381668,0.12060063509699646,0.11510296986100266,0.0,0.24844820076923088,0.23286049023017621,0.1977595374803646,0.15911434134244434,0.2429396999116765,0.19754931528895855,0.15176111581205798,0.24109623469375366,0.19172369427270655,0.1924900407187148,0.1764132226976216,0.11489388444985711,0.16182697027408044,0.11636161459004299,0.15306891998850763,0.2052233627377159,0.20250728191830278,0.30496409854736845,0.19599704383504,0.3022209302647776,0.2523827944217555,0.23061810752222353,0.20439867020941835,0.24052502610877638,0.07546302359452313,0.08983836597592726,0.13773630175377893,0.11400373357720461,0.17267454994285314,0.15902672308636268,0.21565778557895274,0.12303665107524862,0.097461362225833,0.37985141664194744,0.27240996390780325,0.24176464178569668,0.18578475520985088,0.21932830539867962,0.28366746295890755,0.1876353160942338,0.20674635885983608,0.23943710524307513,0.22581196521636168,0.18286340428938477,0.19089968993263207,0.12465056691154441,0.17033598310168857,0.11356443905217675,0.1703667492193586,0.2138594145583533,0.2039462210658981,0.24620824438727373,0.19738788887348094,0.3164212530038608,0.2843923413387337,0.22650610914086472,0.1754862361029616,0.20089419041103665,0.08235023896683774,0.07522109505838652,0.12112706031603543,0.13080670932477745
lh_inferiorparietal,0.22544881699776773,0.1232203993258897,0.30770420485436484,0.14916957615643994,0.13234796848143562,0.24844820076923088,0.0,0.25136214288648573,0.16441763197631865,0.191746245994445,0.30428217317661743,0.2186790313016846,0.17664952502176656,0.26069596186533267,0.1656294538767331,0.2345287934469746,0.28380253110998954,0.17615860750097082,0.268139288520718,0.1253840218854767,0.19106381363602673,0.14665297602039354,0.2888793193223432,0.34583079098914987,0.14410282992297987,0.3411072479011619,0.31508408456836073,0.3997605871556007,0.2780828289634915,0.4401402869480968,0.09186597363498229,0.08826010108656575,0.14850789097670056,0.12363195879201737,0.21174955610361476,0.13474515736220008,0.33663072504945996,0.1610874721137034,0.12248893782909517,0.217672885692106,0.4427836185489038,0.2394899878685107,0.17057245297131993,0.23761374783306055,0.2553332926102085,0.20588832375240063,0.22759327477105726,0.2772907126539694,0.18318222442918947,0.2199736181352065,0.3086145881686958,0.1826602530464292,0.2574578459674868,0.1231815277358205,0.20067110135584054,0.1529018066694287,0.2562737740357007,0.3616485620550902,0.15647292492839068,0.3067109687209988,0.3163572822556172,0.3663663623908348,0.2577832451869056,0.292832473669224,0.11266180459741267,0.07980968049880455,0.13196160079599503,0.13577407068956268
lh_inferiortemporal,0.15600095395950728,0.13260492660281725,0.1881579919255256,0.18834731151299197,0.18696769778425623,0.23286049023017621,0.25136214288648573,0.0,0.20540968024934875,0.2215827278527053,0.28117395533968986,0.23674971142035,0.22773495090196846,0.35586507031456033,0.18668327644048635,0.19572884215039774,0.21054151319693293,0.20058194970244378,0.20847661574719586,0.12181017962759377,0.19873314786638333,0.14311969972462382,0.22620886144698998,0.26509977221093706,0.18249034641998502,0.3478345400289443,0.2845370670789663,0.2571944008237965,0.22227888010532365,0.2638610567332597,0.1068955273672813,0.13208278720338967,0.10571743339926129,0.08880521716532747,0.1231961078536751,0.1343320392218539,0.2235544738986752,0.20668047228338685,0.1801461359615566,0.24688642514700423,0.3066660394292744,0.3480765498868357,0.2143730003898154,0.3098224837052703,0.2985494398262814,0.23245169549728445,0.3001879820147319,0.3224494142346359,0.21608472219791353,0.17484387488565112,0.1991406425671145,0.25329819564918815,0.24594859667215385,0.11794242184879605,0.22872093527912327,0.1459708735988689,0.22315358687162593,0.28052300023163745,0.1588880723921644,0.3583865696690189,0.318375945052686,0.2813437031443253,0.21971957132087605,0.24766775375061048,0.1315326798038231,0.1028128218936275,0.1001142661251884,0.09719219478192899
lh_isthmuscingulate,0.13643674780719936,0.17763721501983612,0.1613341591547448,0.1421217552822504,0.13075226216686123,0.1977595374803646,0.16441763197631865,0.20540968024934875,0.0,0.167322828685945,0.18301760254157418,0.18251819589570553,0.19650808262508637,0.18413938314217862,0.19067137612331708,0.15833821818282787,0.16503304337664776,0.1272133060865069,0.14412417255714208,0.13512306496235515,0.17032642556850042,0.249386485748541,0.1931637115819208,0.20334741363254552,0.21922003896788023,0.23652873291700338,0.1883207702175969,0.1608844825076015,0.17212323950629163,0.1737726361666415,0.07636348868805969,0.08812032569236718,0.1079304692416218,0.10651123962555628,0.1190372885735259,0.15781519902893976,0.14900572769174386,0.14146130182654088,0.11448425107495526,0.20578108758670727,0.18236124445735347,0.21983801097887787,0.3470639228788795,0.21687801967049888,0.240284891365849,0.18852329927722747,0.18497958189358898,0.1898874253492725,0.1901055835909729,0.14793274150509095,0.1456161536393951,0.13293882006195584,0.1430796115967728,0.13691103131631388,0.18201560473276254,0.23373529801539328,0.18444817215746975,0.18199726545486736,0.18755546257140404,0.22896938859700072,0.21573614906164712,0.18215636529988738,0.15698362339534555,0.1618620207156171,0.08215125785929744,0.0771730025328433,0.10495990458717269,0.11991923284046838
lh_lateraloccipital,0.1291695266273584,0.10843191130943804,0.14290323954562723,0.3303259520852146,0.12238885436515111,0.15911434134244434,0.191746245994445,0.2215827278527053,0.167322828685945,0.0,0.17358102713190532,0.2892660387998062,0.17132626759224903,0.16518051465685193,0.1507119485729477,0.1946992202098211,0.1662590023562179,0.19494392530681756,0.17810321352666864,0.16824162699966153,0.2607496450266442,0.11785415018607594,0.21936977278842631,0.19960850582314982,0.12560596734424967,0.21469268574226333,0.16663150057146486,0.2346800955049298,0.15757917639717067,0.20626400476373868,0.10400538307631928,0.0909346822440938,0.1102009134696957,0.07317507647895669,0.10633467581157435,0.11659173046083626,0.14663715322643056,0.29661821710005454,0.14488369512580895,0.15842456433660693,0.19569952684678868,0.20738300999226608,0.1562431245225099,0.3744926752262774,0.16989770385577344,0.2480105810869462,0.19655218107476716,0.1645745265402265,0.15665195583341815,0.2128196667339469,0.15703505896584066,0.23106921170128408,0.17340772519282313,0.17248006688271145,0.25280863335433623,0.11491277239458468,0.19028549077148796,0.20760869414918684,0.11161922285851059,0.23692411893403895,0.18122027286951417,0.24532232008997273,0.15676337199491186,0.15727177614058666,0.11937693247056544,0.07535088322018851,0.10015240112826468,0.0824893579129665
lh_lateralorbitofrontal,0.16962779541073497,0.1383077399270102,0.24710900766556362,0.14878090550705053,0.16297072686765787,0.2429396999116765,0.30428217317661743,0.28117395533968986,0.18301760254157418,0.17358102713190532,0.0,0.2085803085479652,0.21708204628256925,0.2831700104559993,0.18363100698364135,0.2094265775585165,0.267686105479552,0.18856671388446658,0.2371011961173644,0.11638152693243888,0.1798050305424783,0.14865611959461666,0.23983962542771917,0.2927730887653466,0.1754546000451125,0.30735418856021346,0.32700792082899616,0.2853810388301395,0.2643067395001382,0.3145061702839263,0.10856176520029934,0.10596548833591307,0.11579430891905183,0.13680958235624482,0.17679294016828748,0.131286272280084,0.25869638843896575,0.16478135215665568,0.14448572870018325,0.24447553501653463,0.33241383952624565,0.3104514535478763,0.18311471913458435,0.2401471566529812,0.33010310986624314,0.2054540474463586,0.26967776597097776,0.31645310680209343,0.20437191555368375,0.19827204273756002,0.2670036092370543,0.18028705150869026,0.2456658011583923,0.11432230496365317,0.2012477153636371,0.15584854777379709,0.23106732671473487,0.27853453379708204,0.18427295303981583,0.3033293299276244,0.34283048608118055,0.28971291237640695,0.23624689776780022,0.286825174550672,0.1259645849173434,0.09336264904518285,0.1078535640658843,0.14457455781796755
lh_lingual,0.16821461960857867,0.11618565002488992,0.18138636107768205,0.273861541804355,0.12907495786030293,0.19754931528895855,0.2186790313016846,0.23674971142035,0.18251819589570553,0.2892660387998062,0.2085803085479652,0.0,0.1856992933553725,0.20200146164157975,0.1932141450884638,0.23213609700379875,0.19945071908241452,0.18106413336887053,0.20541817238698346,0.18642045845810867,0.31162824407285966,0.13349731953415694,0.24958628311292305,0.26137033262799336,0.14578959610065798,0.23557125309086455,0.20318337149229887,0.2848446313254343,0.19670667114464474,0.23417751980732368,0.10673538809905872,0.0966704099964071,0.13104020054960414,0.09508675457081128,0.1402951763124397,0.12575469964363634,0.1934364474566686,0.26659383441347334,0.14386769178353545,0.20645105516553988,0.22573742842205455,0.2475924413192181,0.18106075655392143,0.31623141598036336,0.21419472795810812,0.35706034514589463,0.22776429280158417,0.20815613353288587,0.2055595482345565,0.2465436833076552,0.1946402164762745,0.20965068858903196,0.22429145759189853,0.17739175440159816,0.2944630279063071,0.13176204743719797,0.22095018241134817,0.26112474983743955,0.13271492238245183,0.2729536029188678,0.23059991029323848,0.2996338797679448,0.19942334366660167,0.20810031469504175,0.11174227542592667,0.0769177383720221,0.11930848152520226,0.10602999493295141
lh_medialorbitofrontal,0.116144129315321,0.14138476956577278,0.14453375286987818,0.17416866917933402,0.1757750199070528,0.15176111581205798,0.17664952502176656,0.22773495090196846,0.19650808262508637,0.17132626759224903,0.21708204628256925,0.1856992933553725,0.0,0.20914721394494254,0.1763746098273065,0.16731698033721287,0.18613291096124418,0.1993057578306706,0.1811359685765034,0.11494003262112337,0.20519921788707413,0.13613666596043783,0.18719283008733148,0.19113376440839855,0.19083172275546145,0.2337406727130927,0.19570534253860142,0.18425891109046158,0.18601442740679852,0.18848802162637252,0.11513351825284725,0.1295510923526044,0.09197751726743114,0.10005227468861876,0.10688473560044211,0.1223036708158865,0.1558960493597788,0.18552222803769208,0.16298009260486518,0.1636971238943257,0.18372812150669893,0.25497573164796683,0.18779686957784297,0.21169137142490382,0.22711158557308297,0.19207515027020142,0.25494729230982127,0.21228288257165628,0.17393339023239182,0.15848063889019887,0.16545895258260565,0.20476220842400514,0.17375942290097868,0.1188202615841581,0.21127769982710698,0.13766532272378146,0.17487379427547045,0.1952433337035239,0.16260391706939326,0.22026033644929746,0.21739065092774973,0.20457929083255358,0.17853331796451224,0.1789514207701855,0.12169925798298188,0.1009308809478196,0.08934622355232791,0.11057896774773375
lh_middletemporal,0.1767479356318382,0.1347282237619662,0.20479641786503347,0.15344982010700087,0.17236765285067374,0.24109623469375366,0.26069596186533267,0.35586507031456033,0.18413938314217862,0.16518051465685193,0.2831700104559993,0.20200146164157975,0.20914721394494254,0.0,0.19140495259291732,0.17609796540521208,0.20726774420532998,0.1655398819994422,0.19363557990738342,0.10337863712610497,0.16316048689012877,0.14146420368693968,0.2136370086182695,0.2714987352561258,0.18072066253528346,0.33363623921266106,0.2800303332904137,0.25582917020360035,0.22664323317387397,0.28221936552634797,0.08579575724222593,0.110010597277697,0.10972629970563605,0.09114912569066173,0.131215886289,0.14351147344818554,0.23129839977249925,0.1573879052977342,0.14786219573856504,0.2413529840505326,0.3313519588366926,0.3307365779498803,0.21535071204252554,0.2599577711594289,0.291553295341724,0.18926818893267075,0.2628224105811649,0.4045947449135395,0.23650807463871829,0.15280121260769403,0.18719313207281602,0.17924342001019514,0.23081699348697718,0.09846522273239759,0.1923922501641937,0.14372525729533375,0.22386558221394384,0.2787540432740871,0.16950127889266817,0.3342075734178799,0.3375954215782218,0.26739137626070936,0.2195825976632995,0.29410858999899686,0.10354355132412468,0.08878753776884962,0.10593468617235739,0.0986185570857177
lh_parahippocampal,0.15750059738140415,0.1220881865902479,0.158141120056945,0.14409656326893142,0.14464724644385335,0.19172369427270655,0.1656294538767331,0.18668327644048635,0.19067137612331708,0.1507119485729477,0.18363100698364135,0.1932141450884638,0.1763746098273065,0.19140495259291732,0.0,0.17104513156343598,0.15678131404826529,0.13902902250893187,0.14811612876224922,0.10829483245808065,0.16788440289702009,0.1372863389707524,0.1943519223795659,0.20677193385835008,0.17958416200343486,0.20569480730363193,0.2040626762519589,0.17611089564108717,0.16722226804357873,0.17124235598094695,0.08050158339554919,0.10000145761218146,0.09842638640624436,0.108236818027438,0.14639072387949909,0.11170504825158835,0.1724896923223758,0.1389575903322796,0.11536073882514081,0.19666890377771756,0.18293166298017668,0.21710065506553045,0.171938298330883,0.203524312465434,0.20353077343474332,0.18246279233523954,0.1856463556505573,0.20145887577269303,0.3292419665353725,0.15705961666612678,0.15586833503032216,0.12615490603021579,0.16313557539691304,0.11336690495403824,0.18026584530822162,0.15536825001003052,0.18386002730414816,0.18342589680461754,0.1396482904105693,0.1954815161823689,0.2091399224657461,0.18804096795162267,0.17745887307258257,0.1724049459490439,0.08167354588135452,0.08584492764757848,0.09021852619019342,0.12363710243174104
lh_paracentral,0.1683733827549411,0.10912359233795511,0.19613931565991835,0.16228621542024635,0.13229661381848276,0.1924900407187148,0.2345287934469746,0.19572884215039774,0.15833821818282787,0.1946992202098211,0.2094265775585165,0.23213609700379875,0.16731698033721287,0.17609796540521208,0.17104513156343598,0.0,0.20671011419108692,0.1541076453170555,0.18124496364830103,0.12351522274591965,0.20967835036808294,0.13190928869772373,0.23556958643082263,0.25004348077525135,0.13481337004051774,0.21405925134354137,0.23891623930835618,0.26553208785728244,0.20020960284834205,0.22185203643569973,0.09030899812484144,0.09482827116341337,0.12114783389817128,0.10453989111862677,0.1763438167209161,0.10636859118903323,0.19811238636572778,0.19017293684624897,0.12845903689496543,0.18081977227663668,0.22749844874630137,0.21258888990906347,0.15673373636410942,0.2334563588022504,0.1895107037758417,0.21308252717349865,0.2004556580862581,0.20134852953001395,0.16333079383517762,0.2813179551415298,0.22193561259193528,0.15186979114756566,0.18168041681623526,0.12482935744034755,0.20931702923755316,0.1315153354342267,0.22382277232806572,0.2542984766862316,0.12924373021851795,0.2242883100951091,0.23621247043276042,0.2667517133622658,0.23606318401015372,0.208235497866443,0.09481481852288383,0.08144688215160191,0.1028769274769183,0.11289978995938514
lh_parsopercularis,0.146720134446153,0.12238310416944326,0.2340643665535722,0.13811528403843099,0.13446964215272839,0.1764132226976216,0.28380253110998954,0.21054151319693293,0.16503304337664776,0.1662590023562179,0.267686105479552,0.19945071908241452,0.18613291096124418,0.20726774420532998,0.15678131404826529,0.20671011419108692,0.0,0.18851426984654737,0.24077367911931769,0.12127994202928913,0.1867731221161762,0.13337898243467425,0.25693976745741254,0.25360628071719665,0.15585141534955282,0.2374976928895212,0.272829287266175,0.2533690780934004,0.2211034383626977,0.2833046758842537,0.09585294597956699,0.09026148239311849,0.12379266126552833,0.1295747497656011,0.17340000521375104,0.1255737193115098,0.2764036343505654,0.15860968614154838,0.12770176466306293,0.1813366095066801,0.2778009164996352,0.22275936642344438,0.17895223163368018,0.19875288247836265,0.216928261015304,0.1935286125283355,0.21136653617590703,0.2461013652930993,0.1582655701046921,0.20041372046650643,0.2863378580789448,0.1800824235197048,0.22120749181169044,0.11641522778579201,0.19923781856121978,0.14653345294117787,0.23292744800218765,0.263997528810944,0.15900432014902832,0.23288266577155506,0.2767447146433908,0.2883589763863258,0.26549720482536304,0.2378629571012276,0.11045512535112978,0.08077217919369907,0.12094650610430929,0.13797258476568258
lh_parsorbitalis,0.09281692740580143,0.08484480207278464,0.13413716016627925,0.1748073128507198,0.1745768751454881,0.11489388444985711,0.17615860750097082,0.20058194970244378,0.1272133060865069,0.19494392530681756,0.18856671388446658,0.18106413336887053,0.1993057578306706,0.1655398819994422,0.13902902250893187,0.1541076453170555,0.18851426984654737,0.0,0.20738909657976673,0.08831918262009197,0.19305957719943964,0.08796769665248269,0.18553014047966357,0.16912245246953528,0.10627336270615803,0.18136823413208117,0.19989070103348971,0.19767327973458984,0.13684352483859558,0.1841630934897524,0.17953817165147484,0.1206205191526134,0.07415987904532562,0.07162389555391134,0.09131526213790478,0.08497319204485973,0.15163207707502674,0.21683554569212296,0.17861448117412607,0.11801117839182308,0.15972475726790808,0.19020001097720227,0.13333512144859186,0.20104205768821742,0.15317454967722594,0.16298000384873082,0.21505023204663937,0.18499757845162182,0.14179841586622374,0.14600579107749523,0.1862919342555382,0.3041209501025949,0.17726601299219366,0.08825250905001117,0.19152623943885813,0.09175573776808123,0.1583949255608238,0.17430989911994715,0.09622914060092133,0.17464437315418818,0.205662574943734,0.20564801669375593,0.16805872923163953,0.15198086707553074,0.2182310301685558,0.09635887311836853,0.07354064778460222,0.07323845112081899
lh_parstriangularis,0.1492927103422969,0.10480946823284804,0.21628284345338122,0.15626495872050977,0.12895036463258897,0.16182697027408044,0.268139288520718,0.20847661574719586,0.14412417255714208,0.17810321352666864,0.2371011961173644,0.20541817238698346,0.1811359685765034,0.19363557990738342,0.14811612876224922,0.18124496364830103,0.24077367911931769,0.20738909657976673,0.0,0.13109242757540523,0.20771802435292908,0.11671549873772406,0.22938251188448078,0.23654587123116194,0.13212719753876334,0.22658492810358036,0.2138405988201095,0.29428476649331553,0.21128419775644003,0.2744934170420683,0.11600246986523625,0.09358708240791579,0.11268365362062023,0.10608672130806153,0.15834973314670017,0.1101791484764653,0.24302982597844136,0.16785240390712655,0.1257250377466448,0.15896745613165572,0.25571243551044237,0.198981279981973,0.1461733634680528,0.20234549812864927,0.192863363433096,0.20214335790800148,0.21922062133641107,0.21997072888749844,0.1584527154900104,0.20913240934840707,0.250662758361778,0.1974741410867679,0.26565040245820826,0.12700104866373435,0.22828109650845707,0.12064220165702097,0.2066636164517522,0.2551668697041746,0.12600562985895283,0.22399348114360804,0.22192558814131755,0.28239132794381705,0.23656096369853544,0.22042844507045212,0.1297282369359327,0.07535326646683628,0.11765850504834681,0.11587440798328255
lh_pericalcarine,0.1111291216137016,0.10943538469798486,0.11286159128857744,0.1591472369168562,0.07478963994018144,0.11636161459004299,0.1253840218854767,0.12181017962759377,0.13512306496235515,0.16824162699966153,0.11638152693243888,0.18642045845810867,0.11494003262112337,0.10337863712610497,0.10829483245808065,0.12351522274591965,0.12127994202928913,0.08831918262009197,0.13109242757540523,0.0,0.18474529497671846,0.12307651080271527,0.14892917318325102,0.14474434260102914,0.11495919754887754,0.13435771132416444,0.10222825339271359,0.14397343284051053,0.1178158197044456,0.13057535843078977,0.0629764409125252,0.058858591920522056,0.13483380677176948,0.08568358571114829,0.11842209106540261,0.1360947497932723,0.11478506346997308,0.12846577354324898,0.07378155178272945,0.1294895861886306,0.14245586641284752,0.12279565775680351,0.1255155809903026,0.15473184893210554,0.12451167577193555,0.19717701743321617,0.1164434185686145,0.10624352294894357,0.10973747781682594,0.14198725439064275,0.10991966041843916,0.10635597954663036,0.13881666306385704,0.3421424783431981,0.1752191043525311,0.12197108056530148,0.12913761683251124,0.1513336209237187,0.11089548037704286,0.15337911919063138,0.11140314799381026,0.15838912042282602,0.11805665429223743,0.11713534860457082,0.062247641528552194,0.04853556403433856,0.15413267694443983,0.10314837604247362
lh_postcentral,0.14316704800105678,0.11113636477327199,0.15988174902380772,0.25000027787616114,0.13254763837000547,0.15306891998850763,0.19106381363602673,0.19873314786638333,0.17032642556850042,0.2607496450266442,0.1798050305424783,0.31162824407285966,0.20519921788707413,0.16316048689012877,0.16788440289702009,0.20967835036808294,0.1867731221161762,0.19305957719943964,0.20771802435292908,0.18474529497671846,0.0,0.12402703541173386,0.2710116334272865,0.22411438473197284,0.13450624731963365,0.19726319328418598,0.18194371049799124,0.25611921402787663,0.19837338252778935,0.215634919659824,0.11217681834020098,0.09453841142827414,0.12348153842343096,0.09393765872435605,0.13137525495270724,0.12183649367329141,0.1671037373244823,0.2347063239714868,0.13585954871026254,0.16527179999712385,0.18696803889310887,0.1983142494824115,0.16175725952462253,0.2820434087507179,0.17782677410149939,0.2667661146830491,0.203772376169354,0.1673214908157301,0.16139858388475964,0.23147171850698153,0.1760941629721153,0.20732489123279577,0.2066709283354176,0.1883793508814256,0.38082578979264237,0.12466374260357652,0.24046317995848032,0.2340987625519534,0.12160534639601107,0.2125132886909442,0.19681784803551944,0.2715428905386595,0.20196407570255948,0.17519763198631474,0.11223937888749809,0.07906601308383662,0.11980400955923112,0.10394443797337877
lh_posteriorcingulate,0.151680692028091,0.2153836902043488,0.1497078059528623,0.09441851637580845,0.09071826966842482,0.2052233627377159,0.14665297602039354,0.14311969972462382,0.249386485748541,0.11785415018607594,0.14865611959461666,0.13349731953415694,0.13613666596043783,0.14146420368693968,0.1372863389707524,0.13190928869772373,0.13337898243467425,0.08796769665248269,0.11671549873772406,0.12307651080271527,0.12402703541173386,0.0,0.14711486339504337,0.1774624910785285,0.18277852572229528,0.1880183681853461,0.14947795151516388,0.13759137384612632,0.14617262355614874,0.1426326206987665,0.059618764341147185,0.06910961165075617,0.1118814476261527,0.11037269965067527,0.13279442228264676,0.16471628460580257,0.13192565136438505,0.09552918580118143,0.07575163225914137,0.1983602977751611,0.1635973623834696,0.1508697352487011,0.19229002275171916,0.13875690880387617,0.19015155279058543,0.13027959776502127,0.13071048259643359,0.1489850564883949,0.1366267610947835,0.11897943197034778,0.1291810168281427,0.09349379353834825,0.1120691405553072,0.11914604460123689,0.13408937689159747,0.3571440995114503,0.1430469060362027,0.1557376637293558,0.1921557416885436,0.18048321301246087,0.16992358709113956,0.1450205199848562,0.12895104566254978,0.13420285398106038,0.06571112704335112,0.06141183974695697,0.11049087857700876,0.1251605112599104
lh_precentral,0.1899787259180987,0.12344644055411484,0.25836415481905733,0.17817668301323822,0.14233378821827986,0.20250728191830278,0.2888793193223432,0.22620886144698998,0.1931637115819208,0.21936977278842631,0.23983962542771917,0.24958628311292305,0.18719283008733148,0.2136370086182695,0.1943519223795659,0.23556958643082263,0.25693976745741254,0.18553014047966357,0.22938251188448078,0.14892917318325102,0.2710116334272865,0.14711486339504337,0.0,0.3075874218517118,0.14317908683053782,0.26828609342027543,0.2850053214327858,0.3524437215622108,0.24597047656199095,0.3195543829495061,0.09603539072197578,0.08949136443025986,0.1181979491829036,0.11143932645670987,0.1866135970038606,0.12549389529032803,0.25957135678947946,0.17439762652298568,0.12566917834420227,0.19417758285692646,0.30758764569451624,0.2362406957019228,0.18208549559011947,0.27322147817559433,0.2175985241981793,0.22833717542156323,0.21352624865724884,0.24011208151123503,0.19216046823524988,0.2407343897109218,0.24545513716939465,0.1743886905807455,0.24965165441594983,0.14618886093384292,0.27167851823918787,0.14953842711420276,0.36806310404903325,0.31157789120003676,0.13924471155575413,0.2625159480021924,0.2926581773567168,0.3340944402922696,0.28066987663515147,0.23142462323193566,0.10313560534023823,0.07951103416489375,0.11408064464162145,0.1249489410826141
lh_precuneus,0.23966908247737254,0.14094619172419032,0.2595476174800121,0.15639090242744524,0.14603312994419804,0.30496409854736845,0.34583079098914987,0.26509977221093706,0.20334741363254552,0.19960850582314982,0.2927730887653466,0.26137033262799336,0.19113376440839855,0.2714987352561258,0.20677193385835008,0.25004348077525135,0.25360628071719665,0.16912245246953528,0.23654587123116194,0.14474434260102914,0.22411438473197284,0.1774624910785285,0.3075874218517118,0.0,0.1752017358000518,0.3395221767644247,0.3335809242361824,0.359572996518975,0.27672051874270237,0.34706272236952795,0.0929385313657734,0.09393439571606609,0.14201702691273654,0.11745560924994579,0.20607243686648472,0.14909803197942115,0.30147155934299763,0.15758858818873636,0.11955481524471258,0.3050194520916334,0.33962232423592253,0.27432200801724677,0.18605478031485143,0.2540900020798048,0.2778035580495692,0.23278427014558023,0.25860321784399354,0.2849638808303434,0.2182215131193377,0.2276717552576555,0.2945916338269165,0.17665518849365275,0.24319190212674127,0.13391563932010395,0.23787802884656267,0.1789095915121071,0.27717992417067894,0.3953204016948649,0.18222757242740512,0.32394740868769245,0.3541520661007645,0.33693749126315803,0.28199585280089795,0.2570945692672708,0.10602049645574588,0.08489085793803787,0.12904314180605095,0.1313013968465696
lh_rostralanteriorcingulate,0.13600191905154832,0.21365976048353216,0.13972807492547898,0.11238721574575442,0.11463113113170216,0.19599704383504,0.14410282992297987,0.18249034641998502,0.21922003896788023,0.12560596734424967,0.1754546000451125,0.14578959610065798,0.19083172275546145,0.18072066253528346,0.17958416200343486,0.13481337004051774,0.15585141534955282,0.10627336270615803,0.13212719753876334,0.11495919754887754,0.13450624731963365,0.18277852572229528,0.14317908683053782,0.1752017358000518,0.0,0.20545302804957258,0.16057147395267746,0.1389389528181694,0.14202877296778812,0.15181943334320827,0.06803009529083022,0.08645766494631187,0.10617994658053873,0.10013752977548031,0.12272109328608381,0.1690135895885321,0.13636460137529158,0.11892463294263557,0.0979893542719177,0.20869377870765243,0.16417777179210966,0.18939150037015978,0.2066861339242269,0.15377304924471547,0.2091893951380789,0.14690264257429161,0.18235498050580962,0.17034649296623267,0.18252993297832257,0.12397694554594427,0.1353635263550312,0.11095263898864376,0.13747556288036897,0.11424149261295347,0.13952901304896717,0.2238305626155786,0.14046162686887734,0.1604582653893833,0.2724070332206252,0.20205422727910952,0.18252543858337048,0.14962098467403326,0.140088915315105,0.15061825992318598,0.0742344715729442,0.06911069682324464,0.10228485906068276,0.1189227882316077
lh_rostralmiddlefrontal,0.21146081328457325,0.15530165946523994,0.24895213043616377,0.16573918713082797,0.1602708038429473,0.3022209302647776,0.3411072479011619,0.3478345400289443,0.23652873291700338,0.21469268574226333,0.30735418856021346,0.23557125309086455,0.2337406727130927,0.33363623921266106,0.20569480730363193,0.21405925134354137,0.2374976928895212,0.18136823413208117,0.22658492810358036,0.13435771132416444,0.19726319328418598,0.1880183681853461,0.26828609342027543,0.3395221767644247,0.20545302804957258,0.0,0.3015563771090476,0.31091378933945935,0.25164679022342534,0.351015694725632,0.08679851642674341,0.0983281632608857,0.12476042275867923,0.11152352224674861,0.1657048345611795,0.1567004057906456,0.25623884545458664,0.16754697553382344,0.1310406692390982,0.27189348438650973,0.39531942566231587,0.3397862062001947,0.2245440647232201,0.3006305776098829,0.35055055070572433,0.21440675757386693,0.2728356479880107,0.3080245101676346,0.2318716137333117,0.1970561175693659,0.2313793321858843,0.1967428390911373,0.22337785225921844,0.12961472636047774,0.2222095808235071,0.19848267304752892,0.23789545539123408,0.3145493633029425,0.19137514831426528,0.4582947444051565,0.3539407157413518,0.32145699140164447,0.21906427339106702,0.2781343356398085,0.10826457660164374,0.08300505378396927,0.11901618047697186,0.1263358836405593
lh_superiorfrontal,0.18033543780665126,0.1326435395376275,0.2815414637873928,0.13863941235906693,0.18630340299489223,0.2523827944217555,0.31508408456836073,0.2845370670789663,0.1883207702175969,0.16663150057146486,0.32700792082899616,0.20318337149229887,0.19570534253860142,0.2800303332904137,0.2040626762519589,0.23891623930835618,0.272829287266175,0.19989070103348971,0.2138405988201095,0.10222825339271359,0.18194371049799124,0.14947795151516388,0.2850053214327858,0.3335809242361824,0.16057147395267746,0.3015563771090476,0.0,0.29091290796632335,0.2542992785024847,0.31980096474481645,0.1163896980538193,0.11785106960649445,0.10699332856551952,0.11475224042010693,0.18394223911886523,0.1271090776774005,0.2986613029289952,0.15315495571365811,0.1471489406416774,0.2504777622703641,0.3297922080085839,0.2907042445715996,0.19136437870690823,0.23424598697014393,0.2832460753255387,0.18706589467378326,0.2597158726109024,0.32698994542923676,0.20948039519710834,0.20867253259047552,0.2907133530681448,0.1809856007384201,0.2169555253894055,0.10045768403783246,0.20626607046096704,0.15703825053268958,0.2723637496635883,0.3168011077161028,0.16411690212535857,0.27481296706455843,0.44218423101439797,0.29697173304823626,0.2947314988296572,0.2551877908417722,0.13200001920519416,0.10221192344183042,0.10597133361218784,0.12331835252760671
lh_superiorparietal,0.22102697694459195,0.11559957727238541,0.28464442738412193,0.19977247948922439,0.13829314319413927,0.23061810752222353,0.3997605871556007,0.2571944008237965,0.1608844825076015,0.2346800955049298,0.2853810388301395,0.2848446313254343,0.18425891109046158,0.25582917020360035,0.17611089564108717,0.26553208785728244,0.2533690780934004,0.19767327973458984,0.29428476649331553,0.14397343284051053,0.25611921402787663,0.13759137384612632,0.3524437215622108,0.359572996518975,0.1389389528181694,0.31091378933945935,0.29091290796632335,0.0,0.26569247556118014,0.40121194824323336,0.1015029780673378,0.09245717130908548,0.15129470037429055,0.10777486661119337,0.20925105196632343,0.13721561225747778,0.3006364780227771,0.20774897719093272,0.1323854860541182,0.21748291525904725,0.370984702182611,0.2520116472252222,0.16414219341732414,0.2841621939746634,0.23969901688429074,0.24887867356212146,0.2416572962967805,0.2621177952534518,0.19987513879643562,0.27638408321237673,0.27821279839348534,0.207391835414223,0.2947302497881243,0.14268354426790322,0.26407059008237915,0.13666499772935992,0.29842864922674556,0.37403287167033394,0.13992522044672695,0.3116896109307148,0.295105747667098,0.43922298949611904,0.288886449666061,0.26361315263336893,0.11696890729030067,0.082572072578505,0.13558042842957568,0.11903886392200864
lh_superiortemporal,0.21254045353316484,0.11801467419200486,0.24107704186328308,0.13240572027086556,0.13189197255058413,0.20439867020941835,0.2780828289634915,0.22227888010532365,0.17212323950629163,0.15757917639717067,0.2643067395001382,0.19670667114464474,0.18601442740679852,0.22664323317387397,0.16722226804357873,0.20020960284834205,0.2211034383626977,0.13684352483859558,0.21128419775644003,0.1178158197044456,0.19837338252778935,0.14617262355614874,0.24597047656199095,0.27672051874270237,0.14202877296778812,0.25164679022342534,0.2542992785024847,0.26569247556118014,0.0,0.3043364203578462,0.08362036308832543,0.1097966838763711,0.13002580391654175,0.15340346617917647,0.1885471018867663,0.11521149077862473,0.23827476907120068,0.13591317197602623,0.1265456035586147,0.20150189047604747,0.3009740152052088,0.22468859345490827,0.1663213508581263,0.20002770128482142,0.23488431204820046,0.188904385092594,0.2061591359637748,0.2572610537195555,0.1842126030541617,0.1880105330027638,0.224119752398068,0.15032014479085948,0.20823676585017736,0.12135129282910821,0.21315236065328336,0.14535207903246294,0.2495145564484899,0.25419061127658266,0.14254412353018395,0.2523584660955506,0.26173842556478244,0.28649879928846034,0.2869637312604243,0.27543875305675664,0.09894181106384,0.09440252763838473,0.11151193966987405,0.15615653696588164
lh_supramarginal,0.2295100865569581,0.12663961162368975,0.28980937114588023,0.1534936147604724,0.12982414990409002,0.24052502610877638,0.4401402869480968,0.2638610567332597,0.1737726361666415,0.20626400476373868,0.3145061702839263,0.23417751980732368,0.18848802162637252,0.28221936552634797,0.17124235598094695,0.22185203643569973,0.2833046758842537,0.1841630934897524,0.2744934170420683,0.13057535843078977,0.215634919659824,0.1426326206987665,0.3195543829495061,0.34706272236952795,0.15181943334320827,0.351015694725632,0.31980096474481645,0.40121194824323336,0.3043364203578462,0.0,0.08794611858840974,0.08744977931469997,0.13258627425365652,0.11885077004124725,0.19888183128291223,0.13496237838943312,0.2890783640522129,0.1636848401433459,0.12164424071368964,0.2166950839659648,0.39486453310607866,0.25709872238650083,0.17483339636530545,0.26080531940330715,0.25763697347426273,0.20112263098086133,0.24225592190255532,0.2828665738293835,0.18825218741505523,0.22163799919668467,0.2853571570550103,0.1914569592867687,0.2555344241301214,0.12771700614414336,0.22651503289051317,0.14930774424646967,0.2882607581788222,0.3790740279366097,0.16020156513481376,0.3229467269461095,0.3245558930198141,0.36165800337511994,0.27738387856275587,0.3012396345551125,0.10987806640455668,0.07573101256863173,0.13121972383712535,0.13250900970478124
lh_frontalpole,0.06076227668330311,0.05858747954607233,0.08143175418935308,0.10605358299432206,0.11818807969690064,0.07546302359452313,0.09186597363498229,0.1068955273672813,0.07636348868805969,0.10400538307631928,0.10856176520029934,0.10673538809905872,0.11513351825284725,0.08579575724222593,0.08050158339554919,0.09030899812484144,0.09585294597956699,0.17953817165147484,0.11600246986523625,0.0629764409125252,0.11217681834020098,0.059618764341147185,0.09603539072197578,0.0929385313657734,0.06803009529083022,0.08679851642674341,0.1163896980538193,0.1015029780673378,0.08362036308832543,0.08794611858840974,0.0,0.11399989563694099,0.05536247070340687,0.05794227697231513,0.060037078106681276,0.05645318421984791,0.0934237638171019,0.1281822689234713,0.13902118911069722,0.07984710476738921,0.08751571292252933,0.10166206466592384,0.07972765569486645,0.10321050707836711,0.08797263542497118,0.10440945844949549,0.12211551765075293,0.09420420567459566,0.08062274365982279,0.09407329466954963,0.11255082894246056,0.15321405641077213,0.09546856521488795,0.062033214598228976,0.12180641906511608,0.06060110680597021,0.0903324104901307,0.09252581925039023,0.06517313177076318,0.09048341395064097,0.11410331700902597,0.1120747141873412,0.09568495618204297,0.08612072349913293,0.25391847239691545,0.09868864993561136,0.053704105011377665,0.05783228817372536
lh_temporalpole,0.07089605942182939,0.06994865029227089,0.08626165218905225,0.1063078965677359,0.178055997734357,0.08983836597592726,0.08826010108656575,0.13208278720338967,0.08812032569236718,0.0909346822440938,0.10596548833591307,0.0966704099964071,0.1295510923526044,0.110010597277697,0.10000145761218146,0.09482827116341337,0.09026148239311849,0.1206205191526134,0.09358708240791579,0.058858591920522056,0.09453841142827414,0.06910961165075617,0.08949136443025986,0.09393439571606609,0.08645766494631187,0.0983281632608857,0.11785106960649445,0.09245717130908548,0.1097966838763711,0.08744977931469997,0.11399989563694099,0.0,0.057238557098943425,0.07533177433606582,0.06722995340476935,0.061707540778018974,0.10080938546127587,0.11558817499951685,0.15600107873703042,0.0914729040252867,0.09811619957746455,0.12022811513225864,0.09534353307561821,0.11254338422095847,0.10996012836209464,0.09933171877606208,0.1334891466546916,0.11635165860932532,0.09700849731757168,0.0888127628144314,0.10075928712117199,0.11177384481957163,0.09813742164658937,0.06007781261119381,0.11257015912766467,0.06945589876670855,0.10416993909693882,0.09512515651393817,0.07796083538045939,0.10097578227043601,0.11405494812187988,0.10908561092958118,0.10924975868915111,0.10978565422632845,0.12242120827617253,0.18031309220690436,0.05571275373563093,0.07206259604420828
lh_transversetemporal,0.12863830660937653,0.10537752220641815,0.12066865652883385,0.11218253825112809,0.06749654595158656,0.13773630175377893,0.14850789097670056,0.10571743339926129,0.1079304692416218,0.1102009134696957,0.11579430891905183,0.13104020054960414,0.09197751726743114,0.10972629970563605,0.09842638640624436,0.12114783389817128,0.12379266126552833,0.07415987904532562,0.11268365362062023,0.13483380677176948,0.12348153842343096,0.1118814476261527,0.1181979491829036,0.14201702691273654,0.10617994658053873,0.12476042275867923,0.10699332856551952,0.15129470037429055,0.13002580391654175,0.13258627425365652,0.05536247070340687,0.057238557098943425,0.0,0.1047106781366767,0.13279717274979108,0.1389973315754832,0.12711975022245686,0.10591497799205209,0.06641650458988646,0.13671890605312456,0.14071503524906329,0.10502390481286254,0.11024055794162325,0.12486629025885215,0.12702159931068072,0.12996792165613733,0.10582732795066181,0.10437629797095217,0.10665205113870156,0.12317677683515008,0.12229248538635451,0.08464718043933099,0.11369352963949034,0.1330184949705685,0.11171612330050672,0.11283053581794204,0.11834385064955097,0.13845632656210785,0.11264603180509784,0.13670251019083127,0.11126482268210795,0.14696308753768147,0.11752428988085971,0.11762169160167397,0.05968007408566701,0.050851011713542796,0.18405242357958068,0.12119340356401528
lh_insula,0.10734758657123855,0.09271525406196507,0.14344176679052661,0.06938321947251334,0.07814218275595082,0.11400373357720461,0.12363195879201737,0.08880521716532747,0.10651123962555628,0.07317507647895669,0.13680958235624482,0.09508675457081128,0.10005227468861876,0.09114912569066173,0.108236818027438,0.10453989111862677,0.1295747497656011,0.07162389555391134,0.10608672130806153,0.08568358571114829,0.09393765872435605,0.11037269965067527,0.11143932645670987,0.11745560924994579,0.10013752977548031,0.11152352224674861,0.11475224042010693,0.10777486661119337,0.15340346617917647,0.11885077004124725,0.05794227697231513,0.07533177433606582,0.1047106781366767,0.0,0.14499722180726862,0.08005587013306734,0.1292619589517345,0.06894504731582204,0.07119896598563294,0.10954447286747072,0.12777659492855864,0.10400822954193974,0.09857963616715054,0.0853399993241033,0.1292006017110394,0.10390599357905923,0.09169094430959816,0.11367974384877273,0.10317255312635876,0.1062652932273186,0.1339002503587444,0.06849690753202413,0.10469453664598266,0.08957429670043202,0.10097106740892309,0.11511598341709452,0.11967817869105454,0.10664566373524928,0.10191078930596605,0.10584383916047059,0.11211664391356223,0.11695955206408809,0.12015487729151784,0.13922392375916892,0.06018946475371578,0.0688055823813728,0.09066161443599001,0.3327410576170195
rh_bankssts,0.20301836389055197,0.10645221319106736,0.2456768483397116,0.08941215253662939,0.0865987253804531,0.17267454994285314,0.21174955610361476,0.1231961078536751,0.1190372885735259,0.10633467581157435,0.17679294016828748,0.1402951763124397,0.10688473560044211,0.131215886289,0.14639072387949909,0.1763438167209161,0.17340000521375104,0.09131526213790478,0.15834973314670017,0.11842209106540261,0.13137525495270724,0.13279442228264676,0.1866135970038606,0.20607243686648472,0.12272109328608381,0.1657048345611795,0.18394223911886523,0.20925105196632343,0.1885471018867663,0.19888183128291223,0.060037078106681276,0.06722995340476935,0.13279717274979108,0.14499722180726862,0.0,0.11029014680591673,0.21353170881881703,0.09357663352514967,0.07291942739252177,0.16101625449867854,0.22201808729453465,0.1402410771600105,0.11234030433691393,0.12599872929480635,0.1523178432868906,0.1332595948006974,0.13135042393221336,0.16333182415248704,0.1421859076102563,0.19568252082802967,0.19118295400012852,0.08468263710220113,0.15612138178762394,0.11563981060473162,0.1441018173992853,0.1511570876493323,0.19253974217694997,0.19980118330166186,0.12948721811384734,0.15926582171018322,0.17325921482108253,0.18839217656663437,0.2066264042623362,0.17072191746018175,0.0637296517942628,0.058763786385586145,0.11319404546140613,0.16803926011035766
rh_caudalanteriorcingulate,0.1143549385908859,0.21967381346796186,0.1207498295485984,0.10902746799547292,0.08544793522280852,0.15902672308636268,0.13474515736220008,0.1343320392218539,0.15781519902893976,0.11659173046083626,0.131286272280084,0.12575469964363634,0.1223036708158865,0.14351147344818554,0.11170504825158835,0.10636859118903323,0.1255737193115098,0.08497319204485973,0.1101791484764653,0.1360947497932723,0.12183649367329141,0.16471628460580257,0.12549389529032803,0.14909803197942115,0.1690135895885321,0.1567004057906456,0.1271090776774005,0.13721561225747778,0.11521149077862473,0.13496237838943312,0.05645318421984791,0.061707540778018974,0.1389973315754832,0.08005587013306734,0.11029014680591673,0.0,0.11883976676173555,0.10557968401201005,0.07123403784335018,0.16795469960428955,0.1451667049443369,0.13255208649569786,0.1585195127273427,0.14158935275010834,0.16407702550970898,0.12386594588280468,0.12231188417494049,0.12168038950107614,0.1213310093290899,0.1077900482717336,0.11572664293936845,0.09396893000708943,0.12257052113730067,0.11871825860853805,0.11822772924867295,0.18553293925558292,0.11947185220208852,0.14814910629319455,0.1774668326968925,0.16016764991015878,0.14102691910290843,0.13844627004082166,0.11450483669348678,0.1160634630169099,0.06110956257382775,0.05444789121178328,0.13910196777264494,0.0939549489873821
rh_caudalmiddlefrontal,0.18903860815295345,0.11281690919204954,0.3207444895352062,0.13312141541674766,0.14369191450060664,0.21565778557895274,0.33663072504945996,0.2235544738986752,0.14900572769174386,0.14663715322643056,0.25869638843896575,0.1934364474566686,0.1558960493597788,0.23129839977249925,0.1724896923223758,0.19811238636572778,0.2764036343505654,0.15163207707502674,0.24302982597844136,0.11478506346997308,0.1671037373244823,0.13192565136438505,0.25957135678947946,0.30147155934299763,0.13636460137529158,0.25623884545458664,0.2986613029289952,0.3006364780227771,0.23827476907120068,0.2890783640522129,0.0934237638171019,0.10080938546127587,0.12711975022245686,0.1292619589517345,0.21353170881881703,0.11883976676173555,0.0,0.13779969891165633,0.1281237836226037,0.20661395255161233,0.3568406806785155,0.2230538381799511,0.15214050338725982,0.19659457476577816,0.23253999309849988,0.18979382255677751,0.20025313771936665,0.26334394868688177,0.18821059731364098,0.2008967938895904,0.28376502060365805,0.15040232650591925,0.26340204255348515,0.10702913101421901,0.1895206866345269,0.14268250821850953,0.2731606696454078,0.2957038430904077,0.14033586733254996,0.24252416730709977,0.2912415480575858,0.3163997368988936,0.26818541842477617,0.28737152931590215,0.10360802746027477,0.08432831070444331,0.1168044511366597,0.13781775783249914
rh_cuneus,0.09897658720118095,0.0958609132286312,0.1266749630421631,0.3456235281323771,0.14599450707156233,0.12303665107524862,0.1610874721137034,0.20668047228338685,0.14146130182654088,0.29661821710005454,0.16478135215665568,0.26659383441347334,0.18552222803769208,0.1573879052977342,0.1389575903322796,0.19017293684624897,0.15860968614154838,0.21683554569212296,0.16785240390712655,0.12846577354324898,0.2347063239714868,0.09552918580118143,0.17439762652298568,0.15758858818873636,0.11892463294263557,0.16754697553382344,0.15315495571365811,0.20774897719093272,0.13591317197602623,0.1636848401433459,0.1281822689234713,0.11558817499951685,0.10591497799205209,0.06894504731582204,0.09357663352514967,0.10557968401201005,0.13779969891165633,0.0,0.2002879421093082,0.13029159941094287,0.15833318567877347,0.20399547910898533,0.14432261050508388,0.2850087900064816,0.16069746640488475,0.22853962160119395,0.20272139544902204,0.15823885541358998,0.14103988799781694,0.18728103788155073,0.15533284938368302,0.24823811805533147,0.1611376670611331,0.13072446738151094,0.22082188369418748,0.09209595697182048,0.16210176400208762,0.18632572608845785,0.1068561965716387,0.18507670876596508,0.1706836567940812,0.2161560652749786,0.1570731809632729,0.15329866521952376,0.134049216882239,0.08843806010883672,0.0964810015255133,0.07587226556300455
rh_entorhinal,0.07738136148732355,0.07563275129102696,0.11219535444061894,0.1621018414423513,0.18345684323272213,0.097461362225833,0.12248893782909517,0.1801461359615566,0.11448425107495526,0.14488369512580895,0.14448572870018325,0.14386769178353545,0.16298009260486518,0.14786219573856504,0.11536073882514081,0.12845903689496543,0.12770176466306293,0.17861448117412607,0.1257250377466448,0.07378155178272945,0.13585954871026254,0.07575163225914137,0.12566917834420227,0.11955481524471258,0.0979893542719177,0.1310406692390982,0.1471489406416774,0.1323854860541182,0.1265456035586147,0.12164424071368964,0.13902118911069722,0.15600107873703042,0.06641650458988646,0.07119896598563294,0.07291942739252177,0.07123403784335018,0.1281237836226037,0.2002879421093082,0.0,0.10187888809897978,0.12871824539283422,0.1672077244393879,0.1299295788344631,0.15926767876242776,0.13461581526825023,0.13781734408478705,0.17382065958536655,0.15472314728362122,0.12018885540472868,0.11871090900048793,0.12479863169597692,0.18684061743062347,0.1340237873313147,0.0771025773594868,0.15726717616078853,0.0762987153711921,0.1452390919645487,0.12871210650391313,0.08786475024592147,0.13458469695317557,0.15016000436387505,0.15040339664854635,0.13555271732697047,0.14660328867259315,0.1453375794908625,0.12802122651365766,0.06351089847535617,0.07166023340212493
rh_fusiform,0.20034044116907151,0.1728598024300274,0.18752503335092618,0.1341843612680273,0.11986040520774827,0.37985141664194744,0.217672885692106,0.24688642514700423,0.20578108758670727,0.15842456433660693,0.24447553501653463,0.20645105516553988,0.1636971238943257,0.2413529840505326,0.19666890377771756,0.18081977227663668,0.1813366095066801,0.11801117839182308,0.15896745613165572,0.1294895861886306,0.16527179999712385,0.1983602977751611,0.19417758285692646,0.3050194520916334,0.20869377870765243,0.27189348438650973,0.2504777622703641,0.21748291525904725,0.20150189047604747,0.2166950839659648,0.07984710476738921,0.0914729040252867,0.13671890605312456,0.10954447286747072,0.16101625449867854,0.16795469960428955,0.20661395255161233,0.13029159941094287,0.10187888809897978,0.0,0.2540466263738174,0.2671706945883933,0.18497298161065723,0.21057242744474705,0.2871219354342483,0.20522197919286406,0.21848824318955978,0.23094284307413263,0.21914052310730825,0.1717003041380971,0.18432765393495315,0.13407408757739586,0.17552589318354048,0.12651727829568563,0.18341569031835647,0.20623891490291218,0.19702583962327896,0.2506238882881218,0.2083477726448555,0.29667991268020466,0.2831631257369605,0.22266346500176082,0.18119977234217954,0.19240201527373046,0.08658207679609682,0.08014770003632715,0.11716545593005645,0.12498126308471072
rh_inferiorparietal,0.25140720489369406,0.13682576203827557,0.34114334575251964,0.14970575620308707,0.1524925631713996,0.27240996390780325,0.4427836185489038,0.3066660394292744,0.18236124445735347,0.19569952684678868,0.33241383952624565,0.22573742842205455,0.18372812150669893,0.3313519588366926,0.18293166298017668,0.22749844874630137,0.2778009164996352,0.15972475726790808,0.25571243551044237,0.14245586641284752,0.18696803889310887,0.1635973623834696,0.30758764569451624,0.33962232423592253,0.16417777179210966,0.39531942566231587,0.3297922080085839,0.370984702182611,0.3009740152052088,0.39486453310607866,0.08751571292252933,0.09811619957746455,0.14071503524906329,0.12777659492855864,0.22201808729453465,0.1451667049443369,0.3568406806785155,0.15833318567877347,0.12871824539283422,0.2540466263738174,0.0,0.2843628797308139,0.1930547571353768,0.2677222667403645,0.2984033361683,0.21804347573566754,0.24774504788826693,0.35614633991969075,0.21531639598935948,0.21999835530475131,0.28624743029982896,0.1816245020232494,0.2642910832969001,0.1356318093034612,0.22297048840524708,0.17255627713144955,0.28359377684690656,0.36906837508873747,0.1661022274882636,0.3939772241927503,0.3400269943488938,0.3828081833141814,0.28945740588108576,0.3318770216889482,0.10537088110949647,0.08984233575017168,0.13475029680702386,0.14278266221283129
rh_inferiortemporal,0.1653509035514677,0.14683669343072822,0.2027124857954234,0.1929766959808317,0.17924964973645924,0.24176464178569668,0.2394899878685107,0.3480765498868357,0.21983801097887787,0.20738300999226608,0.3104514535478763,0.2475924413192181,0.25497573164796683,0.3307365779498803,0.21710065506553045,0.21258888990906347,0.22275936642344438,0.19020001097720227,0.198981279981973,0.12279565775680351,0.1983142494824115,0.1508697352487011,0.2362406957019228,0.27432200801724677,0.18939150037015978,0.3397862062001947,0.2907042445715996,0.2520116472252222,0.22468859345490827,0.25709872238650083,0.10166206466592384,0.12022811513225864,0.10502390481286254,0.10400822954193974,0.1402410771600105,0.13255208649569786,0.2230538381799511,0.20399547910898533,0.1672077244393879,0.2671706945883933,0.2843628797308139,0.0,0.21927979962316327,0.28895911371973887,0.3225292751349329,0.24095472910723992,0.30058655404459705,0.3149087400820602,0.24052066076577922,0.20054246348968377,0.210682792432517,0.1950192587302155,0.22050568158845438,0.1211821576531746,0.22768831958379968,0.159878322220026,0.23140075922094097,0.2776315022201408,0.17552642774971983,0.3394220822485235,0.3331078887058781,0.27021550892860074,0.21431978092721682,0.2600386779417582,0.12000166936922865,0.09780534486727882,0.0966771277814714,0.11505000343537795
rh_isthmuscingulate,0.1356054862072266,0.1711942390922229,0.15974031262960714,0.14794319750015186,0.13974883446931272,0.18578475520985088,0.17057245297131993,0.2143730003898154,0.3470639228788795,0.1562431245225099,0.18311471913458435,0.18106075655392143,0.18779686957784297,0.21535071204252554,0.171938298330883,0.15673373636410942,0.17895223163368018,0.13333512144859186,0.1461733634680528,0.1255155809903026,0.16175725952462253,0.19229002275171916,0.18208549559011947,0.18605478031485143,0.2066861339242269,0.2245440647232201,0.19136437870690823,0.16414219341732414,0.1663213508581263,0.17483339636530545,0.07972765569486645,0.09534353307561821,0.11024055794162325,0.09857963616715054,0.11234030433691393,0.1585195127273427,0.15214050338725982,0.14432261050508388,0.1299295788344631,0.18497298161065723,0.1930547571353768,0.21927979962316327,0.0,0.20620740002210747,0.23051376328187548,0.18123311165166656,0.18788701010534667,0.2085864169588963,0.1819040694938927,0.13870216651117856,0.15228582209159008,0.14432825505468602,0.14838872252624427,0.12508629375934927,0.18025823452513076,0.18512098950561373,0.18366130606280304,0.18057810070547942,0.1856190797548399,0.22553713317922763,0.2217142787106216,0.1843101382672976,0.16029961127885461,0.17950458564345897,0.08815815585146072,0.0825736708669019,0.11184163083648124,0.109340806539658
rh_lateraloccipital,0.16099151249097496,0.12769460624402562,0.18985315963399652,0.2843367753023662,0.16712165684010324,0.21932830539867962,0.23761374783306055,0.3098224837052703,0.21687801967049888,0.3744926752262774,0.2401471566529812,0.31623141598036336,0.21169137142490382,0.2599577711594289,0.203524312465434,0.2334563588022504,0.19875288247836265,0.20104205768821742,0.20234549812864927,0.15473184893210554,0.2820434087507179,0.13875690880387617,0.27322147817559433,0.2540900020798048,0.15377304924471547,0.3006305776098829,0.23424598697014393,0.2841621939746634,0.20002770128482142,0.26080531940330715,0.10321050707836711,0.11254338422095847,0.12486629025885215,0.0853399993241033,0.12599872929480635,0.14158935275010834,0.19659457476577816,0.2850087900064816,0.15926767876242776,0.21057242744474705,0.2677222667403645,0.28895911371973887,0.20620740002210747,0.0,0.2544313324047531,0.28795483275545963,0.2551268819271806,0.24109018663843643,0.21683859447977785,0.22636686349566296,0.18467478222960182,0.22497353646377616,0.210610043113084,0.15881647909088592,0.29350945337912177,0.13812049492036738,0.24459832067338586,0.26356031231810867,0.13963019982510647,0.3392447741697908,0.26882291184123563,0.3073652147889298,0.2033747297262046,0.2256612262443726,0.10989472930145454,0.08424525025920646,0.11336662537209924,0.09630578202311364
rh_lateralorbitofrontal,0.1820201002518548,0.16977988166765656,0.23137055080566535,0.14813396098066992,0.1522846437920521,0.28366746295890755,0.2553332926102085,0.2985494398262814,0.240284891365849,0.16989770385577344,0.33010310986624314,0.21419472795810812,0.22711158557308297,0.291553295341724,0.20353077343474332,0.1895107037758417,0.216928261015304,0.15317454967722594,0.192863363433096,0.12451167577193555,0.17782677410149939,0.19015155279058543,0.2175985241981793,0.2778035580495692,0.2091893951380789,0.35055055070572433,0.2832460753255387,0.23969901688429074,0.23488431204820046,0.25763697347426273,0.08797263542497118,0.10996012836209464,0.12702159931068072,0.1292006017110394,0.1523178432868906,0.16407702550970898,0.23253999309849988,0.16069746640488475,0.13461581526825023,0.2871219354342483,0.2984033361683,0.3225292751349329,0.23051376328187548,0.2544313324047531,0.0,0.2111221561286527,0.26466481886057386,0.295817391620561,0.25110681478966124,0.17001644148148637,0.20398556119328734,0.1655049780287805,0.21075774519892432,0.12582083350421194,0.19909353007857603,0.19489250169505998,0.2194813928765393,0.2544644649272928,0.20938087610569925,0.3483322763071484,0.3199222665361709,0.25047080283729267,0.19609085133875886,0.25421210541110745,0.10257507240234383,0.09122865091390096,0.11901698796540923,0.14187720309207769
rh_lingual,0.13709061420286853,0.11849595065204208,0.17437795009720158,0.24426145216288558,0.12840387879448617,0.1876353160942338,0.20588832375240063,0.23245169549728445,0.18852329927722747,0.2480105810869462,0.2054540474463586,0.35706034514589463,0.19207515027020142,0.18926818893267075,0.18246279233523954,0.21308252717349865,0.1935286125283355,0.16298000384873082,0.20214335790800148,0.19717701743321617,0.2667661146830491,0.13027959776502127,0.22833717542156323,0.23278427014558023,0.14690264257429161,0.21440675757386693,0.18706589467378326,0.24887867356212146,0.188904385092594,0.20112263098086133,0.10440945844949549,0.09933171877606208,0.12996792165613733,0.10390599357905923,0.1332595948006974,0.12386594588280468,0.18979382255677751,0.22853962160119395,0.13781734408478705,0.20522197919286406,0.21804347573566754,0.24095472910723992,0.18123311165166656,0.28795483275545963,0.2111221561286527,0.0,0.21798692018677168,0.2009317649327328,0.18952343756579243,0.22892892805007642,0.19007650719103908,0.19403456420170132,0.22288523264293134,0.19272161592547776,0.2733872603202298,0.13492628395617562,0.20028016080570665,0.24432848911330723,0.13358210701745016,0.24788373506330472,0.21406697343651143,0.2702291989689972,0.19563296126058255,0.20570957532673542,0.10444450097586391,0.07813706187319941,0.12237265248578709,0.1137921429816193
rh_medialorbitofrontal,0.15438134461690098,0.12230591870223613,0.1797550949692368,0.17447493180351814,0.17672699113865206,0.20674635885983608,0.22759327477105726,0.3001879820147319,0.18497958189358898,0.19655218107476716,0.26967776597097776,0.22776429280158417,0.25494729230982127,0.2628224105811649,0.1856463556505573,0.2004556580862581,0.21136653617590703,0.21505023204663937,0.21922062133641107,0.1164434185686145,0.203772376169354,0.13071048259643359,0.21352624865724884,0.25860321784399354,0.18235498050580962,0.2728356479880107,0.2597158726109024,0.2416572962967805,0.2061591359637748,0.24225592190255532,0.12211551765075293,0.1334891466546916,0.10582732795066181,0.09169094430959816,0.13135042393221336,0.12231188417494049,0.20025313771936665,0.20272139544902204,0.17382065958536655,0.21848824318955978,0.24774504788826693,0.30058655404459705,0.18788701010534667,0.2551268819271806,0.26466481886057386,0.21798692018677168,0.0,0.2561252075624571,0.19887248035317945,0.19173837699305812,0.2104572694158306,0.21716787585528208,0.2109606546356753,0.1151369860287223,0.21800895769176276,0.13653970574683236,0.19876808853786884,0.2755856468069984,0.16660812706659334,0.28546271107090987,0.2748889032587695,0.2549546820568098,0.21287981278647242,0.21070356573200757,0.1406224387933096,0.10461023870357748,0.10079323988387007,0.10185651607655466
rh_middletemporal,0.1984989580977378,0.13244720065623816,0.2455202437902261,0.14785797480521873,0.17045220953257073,0.23943710524307513,0.2772907126539694,0.3224494142346359,0.1898874253492725,0.1645745265402265,0.31645310680209343,0.20815613353288587,0.21228288257165628,0.4045947449135395,0.20145887577269303,0.20134852953001395,0.2461013652930993,0.18499757845162182,0.21997072888749844,0.10624352294894357,0.1673214908157301,0.1489850564883949,0.24011208151123503,0.2849638808303434,0.17034649296623267,0.3080245101676346,0.32698994542923676,0.2621177952534518,0.2572610537195555,0.2828665738293835,0.09420420567459566,0.11635165860932532,0.10437629797095217,0.11367974384877273,0.16333182415248704,0.12168038950107614,0.26334394868688177,0.15823885541358998,0.15472314728362122,0.23094284307413263,0.35614633991969075,0.3149087400820602,0.2085864169588963,0.24109018663843643,0.295817391620561,0.2009317649327328,0.2561252075624571,0.0,0.2519584453045163,0.1755146564318372,0.23541946501938224,0.1856777684660744,0.23228163647453276,0.10510481455763412,0.20328444056980122,0.14825473988199997,0.2400373739130431,0.2801173561567986,0.15906216312775714,0.3341049815016392,0.35611930275150094,0.28363025602895625,0.2775983776920604,0.2964643836533977,0.11496302279638179,0.09990322515087197,0.10201956393962854,0.11883284013091718
rh_parahippocampal,0.18675328947424752,0.12856296427953526,0.17376054972366284,0.14497426896505908,0.13852170488612775,0.22581196521636168,0.18318222442918947,0.21608472219791353,0.1901055835909729,0.15665195583341815,0.20437191555368375,0.2055595482345565,0.17393339023239182,0.23650807463871829,0.3292419665353725,0.16333079383517762,0.1582655701046921,0.14179841586622374,0.1584527154900104,0.10973747781682594,0.16139858388475964,0.1366267610947835,0.19216046823524988,0.2182215131193377,0.18252993297832257,0.2318716137333117,0.20948039519710834,0.19987513879643562,0.1842126030541617,0.18825218741505523,0.08062274365982279,0.09700849731757168,0.10665205113870156,0.10317255312635876,0.1421859076102563,0.1213310093290899,0.18821059731364098,0.14103988799781694,0.12018885540472868,0.21914052310730825,0.21531639598935948,0.24052066076577922,0.1819040694938927,0.21683859447977785,0.25110681478966124,0.18952343756579243,0.19887248035317945,0.2519584453045163,0.0,0.1511941833757672,0.15378670119184276,0.14317394436514025,0.184582172527076,0.10936693850110082,0.17322834201456164,0.1439069415414789,0.1924626021168662,0.19831134538230394,0.15452472760107666,0.25744002122706894,0.23024049042970618,0.2125077358509457,0.1825213135256497,0.18959920764967317,0.0866273301586981,0.08181698828234152,0.10156012262984908,0.11673039727189304
rh_paracentral,0.15368171249925258,0.10265834555616765,0.20841620722675686,0.1742460193638302,0.11860927236903282,0.18286340428938477,0.2199736181352065,0.17484387488565112,0.14793274150509095,0.2128196667339469,0.19827204273756002,0.2465436833076552,0.15848063889019887,0.15280121260769403,0.15705961666612678,0.2813179551415298,0.20041372046650643,0.14600579107749523,0.20913240934840707,0.14198725439064275,0.23147171850698153,0.11897943197034778,0.2407343897109218,0.2276717552576555,0.12397694554594427,0.1970561175693659,0.20867253259047552,0.27638408321237673,0.1880105330027638,0.22163799919668467,0.09407329466954963,0.0888127628144314,0.12317677683515008,0.1062652932273186,0.19568252082802967,0.1077900482717336,0.2008967938895904,0.18728103788155073,0.11871090900048793,0.1717003041380971,0.21999835530475131,0.20054246348968377,0.13870216651117856,0.22636686349566296,0.17001644148148637,0.22892892805007642,0.19173837699305812,0.1755146564318372,0.1511941833757672,0.0,0.20968753964241352,0.1492548378037091,0.18951942722626328,0.1414533480878183,0.2402664004616369,0.125610092116543,0.22698947904533812,0.2562744222401809,0.11977055093365059,0.20794241875275726,0.20981217469104013,0.2724726838704083,0.21376377576236277,0.1889909691446508,0.09647216360457138,0.07474619383682399,0.1179635237806187,0.11811365455356847
rh_parsopercularis,0.16501097698986317,0.11486078288299734,0.2554455672996899,0.13238490486559937,0.14347472936933972,0.19089968993263207,0.3086145881686958,0.1991406425671145,0.1456161536393951,0.15703505896584066,0.2670036092370543,0.1946402164762745,0.16545895258260565,0.18719313207281602,0.15586833503032216,0.22193561259193528,0.2863378580789448,0.1862919342555382,0.250662758361778,0.10991966041843916,0.1760941629721153,0.1291810168281427,0.24545513716939465,0.2945916338269165,0.1353635263550312,0.2313793321858843,0.2907133530681448,0.27821279839348534,0.224119752398068,0.2853571570550103,0.11255082894246056,0.10075928712117199,0.12229248538635451,0.1339002503587444,0.19118295400012852,0.11572664293936845,0.28376502060365805,0.15533284938368302,0.12479863169597692,0.18432765393495315,0.28624743029982896,0.210682792432517,0.15228582209159008,0.18467478222960182,0.20398556119328734,0.19007650719103908,0.2104572694158306,0.23541946501938224,0.15378670119184276,0.20968753964241352,0.0,0.17054104892390418,0.2166534577887733,0.10409142259188855,0.18294169344709085,0.14066099266013957,0.23169268285001915,0.27667470780964065,0.14431152850032783,0.22181585891597347,0.27816298080233753,0.2833676436094736,0.26638580746277607,0.22777939460575586,0.13226726496822255,0.0930761061299062,0.11336616245520928,0.13991542209975089
rh_parsorbitalis,0.09718990251450291,0.08935376360824768,0.13164132104690596,0.21116139848533472,0.14457589392278336,0.12465056691154441,0.1826602530464292,0.25329819564918815,0.13293882006195584,0.23106921170128408,0.18028705150869026,0.20965068858903196,0.20476220842400514,0.17924342001019514,0.12615490603021579,0.15186979114756566,0.1800824235197048,0.3041209501025949,0.1974741410867679,0.10635597954663036,0.20732489123279577,0.09349379353834825,0.1743886905807455,0.17665518849365275,0.11095263898864376,0.1967428390911373,0.1809856007384201,0.207391835414223,0.15032014479085948,0.1914569592867687,0.15321405641077213,0.11177384481957163,0.08464718043933099,0.06849690753202413,0.08468263710220113,0.09396893000708943,0.15040232650591925,0.24823811805533147,0.18684061743062347,0.13407408757739586,0.1816245020232494,0.1950192587302155,0.14432825505468602,0.22497353646377616,0.1655049780287805,0.19403456420170132,0.21716787585528208,0.1856777684660744,0.14317394436514025,0.1492548378037091,0.17054104892390418,0.0,0.1863769524816469,0.10360861636236095,0.21384044375077488,0.09162332853181485,0.15623450107533687,0.18952010049569928,0.10389208344588442,0.2046408627202491,0.19346971647177494,0.22463502098070898,0.16916776333964553,0.16098073523578815,0.19836454105202606,0.09576007992874774,0.08370357917500379,0.07235415549491714
rh_parstriangularis,0.15011594660319713,0.10603538541416335,0.20144672010796186,0.16548241345624773,0.14170993566081838,0.17033598310168857,0.2574578459674868,0.24594859667215385,0.1430796115967728,0.17340772519282313,0.2456658011583923,0.22429145759189853,0.17375942290097868,0.23081699348697718,0.16313557539691304,0.18168041681623526,0.22120749181169044,0.17726601299219366,0.26565040245820826,0.13881666306385704,0.2066709283354176,0.1120691405553072,0.24965165441594983,0.24319190212674127,0.13747556288036897,0.22337785225921844,0.2169555253894055,0.2947302497881243,0.20823676585017736,0.2555344241301214,0.09546856521488795,0.09813742164658937,0.11369352963949034,0.10469453664598266,0.15612138178762394,0.12257052113730067,0.26340204255348515,0.1611376670611331,0.1340237873313147,0.17552589318354048,0.2642910832969001,0.22050568158845438,0.14838872252624427,0.210610043113084,0.21075774519892432,0.22288523264293134,0.2109606546356753,0.23228163647453276,0.184582172527076,0.18951942722626328,0.2166534577887733,0.1863769524816469,0.0,0.1274160721875105,0.21325133895124282,0.11789594546795348,0.23481050390806069,0.2627665262233892,0.1274146881928812,0.23204258074417533,0.22751918714033584,0.284671787762642,0.2240779925686748,0.2632823957033735,0.10805981108857385,0.08189030090443616,0.1170500790816982,0.11485298148691017
rh_pericalcarine,0.1079093230232739,0.1043068552624396,0.10982137191783832,0.16092188537402696,0.07505370636876552,0.11356443905217675,0.1231815277358205,0.11794242184879605,0.13691103131631388,0.17248006688271145,0.11432230496365317,0.17739175440159816,0.1188202615841581,0.09846522273239759,0.11336690495403824,0.12482935744034755,0.11641522778579201,0.08825250905001117,0.12700104866373435,0.3421424783431981,0.1883793508814256,0.11914604460123689,0.14618886093384292,0.13391563932010395,0.11424149261295347,0.12961472636047774,0.10045768403783246,0.14268354426790322,0.12135129282910821,0.12771700614414336,0.062033214598228976,0.06007781261119381,0.1330184949705685,0.08957429670043202,0.11563981060473162,0.11871825860853805,0.10702913101421901,0.13072446738151094,0.0771025773594868,0.12651727829568563,0.1356318093034612,0.1211821576531746,0.12508629375934927,0.15881647909088592,0.12582083350421194,0.19272161592547776,0.1151369860287223,0.10510481455763412,0.10936693850110082,0.1414533480878183,0.10409142259188855,0.10360861636236095,0.1274160721875105,0.0,0.18076905328867515,0.11594289975199158,0.12984686012169863,0.14208640178427834,0.10388631109786713,0.14670739230336025,0.10736411010193246,0.1508622475292115,0.11551252711279382,0.11549921017633163,0.06218469646063693,0.049521125132788245,0.13756750208487886,0.10861954823774841
rh_postcentral,0.1472676555589002,0.1154151940977291,0.18790198508443298,0.23888539330191633,0.15388019873209405,0.1703667492193586,0.20067110135584054,0.22872093527912327,0.18201560473276254,0.25280863335433623,0.2012477153636371,0.2944630279063071,0.21127769982710698,0.1923922501641937,0.18026584530822162,0.20931702923755316,0.19923781856121978,0.19152623943885813,0.22828109650845707,0.1752191043525311,0.38082578979264237,0.13408937689159747,0.27167851823918787,0.23787802884656267,0.13952901304896717,0.2222095808235071,0.20626607046096704,0.26407059008237915,0.21315236065328336,0.22651503289051317,0.12180641906511608,0.11257015912766467,0.11171612330050672,0.10097106740892309,0.1441018173992853,0.11822772924867295,0.1895206866345269,0.22082188369418748,0.15726717616078853,0.18341569031835647,0.22297048840524708,0.22768831958379968,0.18025823452513076,0.29350945337912177,0.19909353007857603,0.2733872603202298,0.21800895769176276,0.20328444056980122,0.17322834201456164,0.2402664004616369,0.18294169344709085,0.21384044375077488,0.21325133895124282,0.18076905328867515,0.0,0.13575679911300714,0.2725956425471329,0.23808878853115284,0.12458140195434357,0.2333226124002927,0.2286337982170443,0.2916889872976262,0.22499003476674703,0.2072779585848235,0.11687280204382276,0.08819676851809276,0.11421886303502603,0.11220551985794326
rh_posteriorcingulate,0.1544253264187077,0.2247591101497174,0.162752179141515,0.09068035908662846,0.09621383273485472,0.2138594145583533,0.1529018066694287,0.1459708735988689,0.23373529801539328,0.11491277239458468,0.15584854777379709,0.13176204743719797,0.13766532272378146,0.14372525729533375,0.15536825001003052,0.1315153354342267,0.14653345294117787,0.09175573776808123,0.12064220165702097,0.12197108056530148,0.12466374260357652,0.3571440995114503,0.14953842711420276,0.1789095915121071,0.2238305626155786,0.19848267304752892,0.15703825053268958,0.13666499772935992,0.14535207903246294,0.14930774424646967,0.06060110680597021,0.06945589876670855,0.11283053581794204,0.11511598341709452,0.1511570876493323,0.18553293925558292,0.14268250821850953,0.09209595697182048,0.0762987153711921,0.20623891490291218,0.17255627713144955,0.159878322220026,0.18512098950561373,0.13812049492036738,0.19489250169505998,0.13492628395617562,0.13653970574683236,0.14825473988199997,0.1439069415414789,0.125610092116543,0.14066099266013957,0.09162332853181485,0.11789594546795348,0.11594289975199158,0.13575679911300714,0.0,0.1438255003734061,0.15409903607423217,0.18953730801582303,0.1794608122838249,0.17828379815175013,0.15035116124710937,0.13205062543815893,0.13920167620092833,0.06540974718395302,0.06266337825398538,0.10136121382036181,0.13305485623215868
rh_precentral,0.18794824877170974,0.11676768055134282,0.26754548110917786,0.16560819007015942,0.15473882798527533,0.2039462210658981,0.2562737740357007,0.22315358687162593,0.18444817215746975,0.19028549077148796,0.23106732671473487,0.22095018241134817,0.17487379427547045,0.22386558221394384,0.18386002730414816,0.22382277232806572,0.23292744800218765,0.1583949255608238,0.2066636164517522,0.12913761683251124,0.24046317995848032,0.1430469060362027,0.36806310404903325,0.27717992417067894,0.14046162686887734,0.23789545539123408,0.2723637496635883,0.29842864922674556,0.2495145564484899,0.2882607581788222,0.0903324104901307,0.10416993909693882,0.11834385064955097,0.11967817869105454,0.19253974217694997,0.11947185220208852,0.2731606696454078,0.16210176400208762,0.1452390919645487,0.19702583962327896,0.28359377684690656,0.23140075922094097,0.18366130606280304,0.24459832067338586,0.2194813928765393,0.20028016080570665,0.19876808853786884,0.2400373739130431,0.1924626021168662,0.22698947904533812,0.23169268285001915,0.15623450107533687,0.23481050390806069,0.12984686012169863,0.2725956425471329,0.1438255003734061,0.0,0.28097895571780274,0.1341494801776511,0.236058076633623,0.28847931680551014,0.2976598297130124,0.2773011654522735,0.24868567827037294,0.09880532690742691,0.08990606099159011,0.11786366262128223,0.1320788260696885
rh_precuneus,0.21552630536322054,0.13250215405213667,0.252761358042611,0.17943619985685563,0.1418276244775043,0.24620824438727373,0.3616485620550902,0.28052300023163745,0.18199726545486736,0.20760869414918684,0.27853453379708204,0.26112474983743955,0.1952433337035239,0.2787540432740871,0.18342589680461754,0.2542984766862316,0.263997528810944,0.17430989911994715,0.2551668697041746,0.1513336209237187,0.2340987625519534,0.1557376637293558,0.31157789120003676,0.3953204016948649,0.1604582653893833,0.3145493633029425,0.3168011077161028,0.37403287167033394,0.25419061127658266,0.3790740279366097,0.09252581925039023,0.09512515651393817,0.13845632656210785,0.10664566373524928,0.19980118330166186,0.14814910629319455,0.2957038430904077,0.18632572608845785,0.12871210650391313,0.2506238882881218,0.36906837508873747,0.2776315022201408,0.18057810070547942,0.26356031231810867,0.2544644649272928,0.24432848911330723,0.2755856468069984,0.2801173561567986,0.19831134538230394,0.2562744222401809,0.27667470780964065,0.18952010049569928,0.2627665262233892,0.14208640178427834,0.23808878853115284,0.15409903607423217,0.28097895571780274,0.0,0.1653666711565846,0.327169666585876,0.32206906253748835,0.379009509987667,0.2915520585686838,0.2529896496640381,0.10724330846217464,0.07979112858545215,0.13846646390511783,0.12182875514223676
rh_rostralanteriorcingulate,0.14445821410435714,0.21237988912670724,0.14408341489369508,0.10082467235587868,0.10704386311480195,0.19738788887348094,0.15647292492839068,0.1588880723921644,0.18755546257140404,0.11161922285851059,0.18427295303981583,0.13271492238245183,0.16260391706939326,0.16950127889266817,0.1396482904105693,0.12924373021851795,0.15900432014902832,0.09622914060092133,0.12600562985895283,0.11089548037704286,0.12160534639601107,0.1921557416885436,0.13924471155575413,0.18222757242740512,0.2724070332206252,0.19137514831426528,0.16411690212535857,0.13992522044672695,0.14254412353018395,0.16020156513481376,0.06517313177076318,0.07796083538045939,0.11264603180509784,0.10191078930596605,0.12948721811384734,0.1774668326968925,0.14033586733254996,0.1068561965716387,0.08786475024592147,0.2083477726448555,0.1661022274882636,0.17552642774971983,0.1856190797548399,0.13963019982510647,0.20938087610569925,0.13358210701745016,0.16660812706659334,0.15906216312775714,0.15452472760107666,0.11977055093365059,0.14431152850032783,0.10389208344588442,0.1274146881928812,0.10388631109786713,0.12458140195434357,0.18953730801582303,0.1341494801776511,0.1653666711565846,0.0,0.1824198699523174,0.17966472319424617,0.14358920313380896,0.13295094623970433,0.14252346660158222,0.07247138249505561,0.0651304583408436,0.11134201808674235,0.11881696531298602
rh_rostralmiddlefrontal,0.2205351052915627,0.15304908147858412,0.22258288965594852,0.18245072279521374,0.1456296004578326,0.3164212530038608,0.3067109687209988,0.3583865696690189,0.22896938859700072,0.23692411893403895,0.3033293299276244,0.2729536029188678,0.22026033644929746,0.3342075734178799,0.1954815161823689,0.2242883100951091,0.23288266577155506,0.17464437315418818,0.22399348114360804,0.15337911919063138,0.2125132886909442,0.18048321301246087,0.2625159480021924,0.32394740868769245,0.20205422727910952,0.4582947444051565,0.27481296706455843,0.3116896109307148,0.2523584660955506,0.3229467269461095,0.09048341395064097,0.10097578227043601,0.13670251019083127,0.10584383916047059,0.15926582171018322,0.16016764991015878,0.24252416730709977,0.18507670876596508,0.13458469695317557,0.29667991268020466,0.3939772241927503,0.3394220822485235,0.22553713317922763,0.3392447741697908,0.3483322763071484,0.24788373506330472,0.28546271107090987,0.3341049815016392,0.25744002122706894,0.20794241875275726,0.22181585891597347,0.2046408627202491,0.23204258074417533,0.14670739230336025,0.2333226124002927,0.1794608122838249,0.236058076633623,0.327169666585876,0.1824198699523174,0.0,0.31846574256886895,0.3330033076478015,0.2231235540722266,0.27758429879797697,0.10974840630684297,0.08264541015928516,0.12643492049608632,0.12012960707262625
rh_superiorfrontal,0.19369953758985206,0.15145993497514693,0.2799079747655623,0.15576115666527895,0.1780464936117642,0.2843923413387337,0.3163572822556172,0.318375945052686,0.21573614906164712,0.18122027286951417,0.34283048608118055,0.23059991029323848,0.21739065092774973,0.3375954215782218,0.2091399224657461,0.23621247043276042,0.2767447146433908,0.205662574943734,0.22192558814131755,0.11140314799381026,0.19681784803551944,0.16992358709113956,0.2926581773567168,0.3541520661007645,0.18252543858337048,0.3539407157413518,0.44218423101439797,0.295105747667098,0.26173842556478244,0.3245558930198141,0.11410331700902597,0.11405494812187988,0.11126482268210795,0.11211664391356223,0.17325921482108253,0.14102691910290843,0.2912415480575858,0.1706836567940812,0.15016000436387505,0.2831631257369605,0.3400269943488938,0.3331078887058781,0.2217142787106216,0.26882291184123563,0.3199222665361709,0.21406697343651143,0.2748889032587695,0.35611930275150094,0.23024049042970618,0.20981217469104013,0.27816298080233753,0.19346971647177494,0.22751918714033584,0.10736411010193246,0.2286337982170443,0.17828379815175013,0.28847931680551014,0.32206906253748835,0.17966472319424617,0.31846574256886895,0.0,0.3196828421480527,0.27189871446948055,0.288754044994113,0.1266053129161242,0.0951677910113065,0.1048691861048202,0.12219646282463371
rh_superiorparietal,0.20232887964225582,0.1247303062781995,0.2791386183378685,0.2059074942506726,0.16222431473333768,0.22650610914086472,0.3663663623908348,0.2813437031443253,0.18215636529988738,0.24532232008997273,0.28971291237640695,0.2996338797679448,0.20457929083255358,0.26739137626070936,0.18804096795162267,0.2667517133622658,0.2883589763863258,0.20564801669375593,0.28239132794381705,0.15838912042282602,0.2715428905386595,0.1450205199848562,0.3340944402922696,0.33693749126315803,0.14962098467403326,0.32145699140164447,0.29697173304823626,0.43922298949611904,0.28649879928846034,0.36165800337511994,0.1120747141873412,0.10908561092958118,0.14696308753768147,0.11695955206408809,0.18839217656663437,0.13844627004082166,0.3163997368988936,0.2161560652749786,0.15040339664854635,0.22266346500176082,0.3828081833141814,0.27021550892860074,0.1843101382672976,0.3073652147889298,0.25047080283729267,0.2702291989689972,0.2549546820568098,0.28363025602895625,0.2125077358509457,0.2724726838704083,0.2833676436094736,0.22463502098070898,0.284671787762642,0.1508622475292115,0.2916889872976262,0.15035116124710937,0.2976598297130124,0.379009509987667,0.14358920313380896,0.3330033076478015,0.3196828421480527,0.0,0.30285189003102303,0.3003525106330105,0.1234673297478145,0.09346332415980795,0.134642692703001,0.12536407127437418
rh_superiortemporal,0.18541140700762046,0.11102023988339113,0.24149297851496782,0.14392664712554562,0.1541175059499656,0.1754862361029616,0.2577832451869056,0.21971957132087605,0.15698362339534555,0.15676337199491186,0.23624689776780022,0.19942334366660167,0.17853331796451224,0.2195825976632995,0.17745887307258257,0.23606318401015372,0.26549720482536304,0.16805872923163953,0.23656096369853544,0.11805665429223743,0.20196407570255948,0.12895104566254978,0.28066987663515147,0.28199585280089795,0.140088915315105,0.21906427339106702,0.2947314988296572,0.288886449666061,0.2869637312604243,0.27738387856275587,0.09568495618204297,0.10924975868915111,0.11752428988085971,0.12015487729151784,0.2066264042623362,0.11450483669348678,0.26818541842477617,0.1570731809632729,0.13555271732697047,0.18119977234217954,0.28945740588108576,0.21431978092721682,0.16029961127885461,0.2033747297262046,0.19609085133875886,0.19563296126058255,0.21287981278647242,0.2775983776920604,0.1825213135256497,0.21376377576236277,0.26638580746277607,0.16916776333964553,0.2240779925686748,0.11551252711279382,0.22499003476674703,0.13205062543815893,0.2773011654522735,0.2915520585686838,0.13295094623970433,0.2231235540722266,0.27189871446948055,0.30285189003102303,0.0,0.24355160677806495,0.10933650643379968,0.10248239960397344,0.11361901304854295,0.13049029881581514
rh_supramarginal,0.17984784619028518,0.11396910620149922,0.2682038988020415,0.1482888603596065,0.14781494804253525,0.20089419041103665,0.292832473669224,0.24766775375061048,0.1618620207156171,0.15727177614058666,0.286825174550672,0.20810031469504175,0.1789514207701855,0.29410858999899686,0.1724049459490439,0.208235497866443,0.2378629571012276,0.15198086707553074,0.22042844507045212,0.11713534860457082,0.17519763198631474,0.13420285398106038,0.23142462323193566,0.2570945692672708,0.15061825992318598,0.2781343356398085,0.2551877908417722,0.26361315263336893,0.27543875305675664,0.3012396345551125,0.08612072349913293,0.10978565422632845,0.11762169160167397,0.13922392375916892,0.17072191746018175,0.1160634630169099,0.28737152931590215,0.15329866521952376,0.14660328867259315,0.19240201527373046,0.3318770216889482,0.2600386779417582,0.17950458564345897,0.2256612262443726,0.25421210541110745,0.20570957532673542,0.21070356573200757,0.2964643836533977,0.18959920764967317,0.1889909691446508,0.22777939460575586,0.16098073523578815,0.2632823957033735,0.11549921017633163,0.2072779585848235,0.13920167620092833,0.24868567827037294,0.2529896496640381,0.14252346660158222,0.27758429879797697,0.288754044994113,0.3003525106330105,0.24355160677806495,0.0,0.10330993673358885,0.08851276928772452,0.11151494540267394,0.14202120294942988
rh_frontalpole,0.06849440652938878,0.06307825899650907,0.08956945178726984,0.1125840040126833,0.11970327084063452,0.08235023896683774,0.11266180459741267,0.1315326798038231,0.08215125785929744,0.11937693247056544,0.1259645849173434,0.11174227542592667,0.12169925798298188,0.10354355132412468,0.08167354588135452,0.09481481852288383,0.11045512535112978,0.2182310301685558,0.1297282369359327,0.062247641528552194,0.11223937888749809,0.06571112704335112,0.10313560534023823,0.10602049645574588,0.0742344715729442,0.10826457660164374,0.13200001920519416,0.11696890729030067,0.09894181106384,0.10987806640455668,0.25391847239691545,0.12242120827617253,0.05968007408566701,0.06018946475371578,0.0637296517942628,0.06110956257382775,0.10360802746027477,0.134049216882239,0.1453375794908625,0.08658207679609682,0.10537088110949647,0.12000166936922865,0.08815815585146072,0.10989472930145454,0.10257507240234383,0.10444450097586391,0.1406224387933096,0.11496302279638179,0.0866273301586981,0.09647216360457138,0.13226726496822255,0.19836454105202606,0.10805981108857385,0.06218469646063693,0.11687280204382276,0.06540974718395302,0.09880532690742691,0.10724330846217464,0.07247138249505561,0.10974840630684297,0.1266053129161242,0.1234673297478145,0.10933650643379968,0.10330993673358885,0.0,0.11055654855473944,0.057628616380275575,0.05940110219946093
rh_temporalpole,0.06040029753145638,0.06167598046978698,0.07596628353509727,0.07735239247280977,0.13817022191251788,0.07522109505838652,0.07980968049880455,0.1028128218936275,0.0771730025328433,0.07535088322018851,0.09336264904518285,0.0769177383720221,0.1009308809478196,0.08878753776884962,0.08584492764757848,0.08144688215160191,0.08077217919369907,0.09635887311836853,0.07535326646683628,0.04853556403433856,0.07906601308383662,0.06141183974695697,0.07951103416489375,0.08489085793803787,0.06911069682324464,0.08300505378396927,0.10221192344183042,0.082572072578505,0.09440252763838473,0.07573101256863173,0.09868864993561136,0.18031309220690436,0.050851011713542796,0.0688055823813728,0.058763786385586145,0.05444789121178328,0.08432831070444331,0.08843806010883672,0.12802122651365766,0.08014770003632715,0.08984233575017168,0.09780534486727882,0.0825736708669019,0.08424525025920646,0.09122865091390096,0.07813706187319941,0.10461023870357748,0.09990322515087197,0.08181698828234152,0.07474619383682399,0.0930761061299062,0.09576007992874774,0.08189030090443616,0.049521125132788245,0.08819676851809276,0.06266337825398538,0.08990606099159011,0.07979112858545215,0.0651304583408436,0.08264541015928516,0.0951677910113065,0.09346332415980795,0.10248239960397344,0.08851276928772452,0.11055654855473944,0.0,0.04916396891955287,0.06599114570915628
rh_transversetemporal,0.1090748668516512,0.0992700802202271,0.11234465271697348,0.10065461142859194,0.06810864109926672,0.12112706031603543,0.13196160079599503,0.1001142661251884,0.10495990458717269,0.10015240112826468,0.1078535640658843,0.11930848152520226,0.08934622355232791,0.10593468617235739,0.09021852619019342,0.1028769274769183,0.12094650610430929,0.07354064778460222,0.11765850504834681,0.15413267694443983,0.11980400955923112,0.11049087857700876,0.11408064464162145,0.12904314180605095,0.10228485906068276,0.11901618047697186,0.10597133361218784,0.13558042842957568,0.11151193966987405,0.13121972383712535,0.053704105011377665,0.05571275373563093,0.18405242357958068,0.09066161443599001,0.11319404546140613,0.13910196777264494,0.1168044511366597,0.0964810015255133,0.06351089847535617,0.11716545593005645,0.13475029680702386,0.0966771277814714,0.11184163083648124,0.11336662537209924,0.11901698796540923,0.12237265248578709,0.10079323988387007,0.10201956393962854,0.10156012262984908,0.1179635237806187,0.11336616245520928,0.08370357917500379,0.1170500790816982,0.13756750208487886,0.11421886303502603,0.10136121382036181,0.11786366262128223,0.13846646390511783,0.11134201808674235,0.12643492049608632,0.1048691861048202,0.134642692703001,0.11361901304854295,0.11151494540267394,0.057628616380275575,0.04916396891955287,0.0,0.10531398524560885
rh_insula,0.1261339934532878,0.10933063669438281,0.14971971706251266,0.07760630966941587,0.07992087611094402,0.13080670932477745,0.13577407068956268,0.09719219478192899,0.11991923284046838,0.0824893579129665,0.14457455781796755,0.10602999493295141,0.11057896774773375,0.0986185570857177,0.12363710243174104,0.11289978995938514,0.13797258476568258,0.07323845112081899,0.11587440798328255,0.10314837604247362,0.10394443797337877,0.1251605112599104,0.1249489410826141,0.1313013968465696,0.1189227882316077,0.1263358836405593,0.12331835252760671,0.11903886392200864,0.15615653696588164,0.13250900970478124,0.05783228817372536,0.07206259604420828,0.12119340356401528,0.3327410576170195,0.16803926011035766,0.0939549489873821,0.13781775783249914,0.07587226556300455,0.07166023340212493,0.12498126308471072,0.14278266221283129,0.11505000343537795,0.109340806539658,0.09630578202311364,0.14187720309207769,0.1137921429816193,0.10185651607655466,0.11883284013091718,0.11673039727189304,0.11811365455356847,0.13991542209975089,0.07235415549491714,0.11485298148691017,0.10861954823774841,0.11220551985794326,0.13305485623215868,0.1320788260696885,0.12182875514223676,0.11881696531298602,0.12012960707262625,0.12219646282463371,0.12536407127437418,0.13049029881581514,0.14202120294942988,0.05940110219946093,0.06599114570915628,0.10531398524560885,0.0
